station_code,station_name,province,region,timezone,issue_time_utc,target_time_utc,forecast_hour,cams_pm25_ug_m3,pm25_lag_0h,latest_pm25_age_hours,forecast_pm25_ug_m3,prediction_q10_ug_m3,prediction_q50_ug_m3,prediction_q90_ug_m3,forecast_status
BANJARBARU2,Banjarbaru,South Kalimantan,Kalimantan,WITA,2026-08-31 00:00:00+00:00,2026-08-31 03:00:00+00:00,3,33.450962888537106,40.5,0.0,45.723527261934564,26.18580316594738,44.909756450750976,75.49813134890226,primary
BANJARBARU2,Banjarbaru,South Kalimantan,Kalimantan,WITA,2026-08-31 00:00:00+00:00,2026-08-31 06:00:00+00:00,6,52.51767376535099,40.5,0.0,48.89635750036892,25.12296760412878,49.240207382725536,88.64621172826405,primary
BANJARBARU2,Banjarbaru,South Kalimantan,Kalimantan,WITA,2026-08-31 00:00:00+00:00,2026-08-31 12:00:00+00:00,12,16.57067905114218,40.5,0.0,34.447061188631054,21.261406615395927,34.02805707852049,51.38110359175657,primary
BANJARBARU2,Banjarbaru,South Kalimantan,Kalimantan,WITA,2026-08-31 00:00:00+00:00,2026-09-01 00:00:00+00:00,24,37.80013813070582,40.5,0.0,50.58715197135878,20.604173168422175,50.799351248924346,111.88198236691105,primary
BANJARBARU2,Banjarbaru,South Kalimantan,Kalimantan,WITA,2026-08-31 00:00:00+00:00,2026-09-02 00:00:00+00:00,48,18.066328877353044,40.5,0.0,41.946165291976264,19.674610380172435,46.14614285821914,104.62550627271067,primary
BANJARBARU2,Banjarbaru,South Kalimantan,Kalimantan,WITA,2026-08-31 00:00:00+00:00,2026-09-03 00:00:00+00:00,72,31.498881725156025,40.5,0.0,49.3943207906704,20.239382095298655,44.67850601745605,180.1008249211661,primary
BATAM2,Batam,Riau Islands,Sumatra,WIB,2026-08-31 00:00:00+00:00,2026-08-31 03:00:00+00:00,3,25.25922582208296,29.8,0.0,30.775075170575665,17.647827588762095,30.869758356537307,36.28315176699783,primary
BATAM2,Batam,Riau Islands,Sumatra,WIB,2026-08-31 00:00:00+00:00,2026-08-31 06:00:00+00:00,6,18.74563793080597,29.8,0.0,28.873328173980124,17.361348876486762,28.39836314869388,36.81893625333009,primary
BATAM2,Batam,Riau Islands,Sumatra,WIB,2026-08-31 00:00:00+00:00,2026-08-31 12:00:00+00:00,12,23.96686760164357,29.8,0.0,32.7246735679811,20.615099405637835,34.011769501989725,39.22945933592969,primary
BATAM2,Batam,Riau Islands,Sumatra,WIB,2026-08-31 00:00:00+00:00,2026-09-01 00:00:00+00:00,24,26.760716309581767,29.8,0.0,31.537320220236584,17.961651335106474,31.982946488671203,42.150412339706385,primary
BATAM2,Batam,Riau Islands,Sumatra,WIB,2026-08-31 00:00:00+00:00,2026-09-02 00:00:00+00:00,48,23.23279701954561,29.8,0.0,32.46362878407637,16.21942888648608,32.524409319102396,46.43004549266645,primary
BATAM2,Batam,Riau Islands,Sumatra,WIB,2026-08-31 00:00:00+00:00,2026-09-03 00:00:00+00:00,72,28.69670545635472,29.8,0.0,31.889271935219828,17.04377505556647,32.42315016248102,46.95331886704479,primary
BENGKULU,Bengkulu,Bengkulu,Sumatra,WIB,2026-08-31 00:00:00+00:00,2026-08-31 03:00:00+00:00,3,25.939939973795845,35.9,0.0,33.059379173299874,19.823766153367913,32.54708683736795,42.13247829982674,primary
BENGKULU,Bengkulu,Bengkulu,Sumatra,WIB,2026-08-31 00:00:00+00:00,2026-08-31 06:00:00+00:00,6,19.39555538399418,35.9,0.0,28.5517319340955,17.263591536755,28.541974235445974,34.65750910447086,primary
BENGKULU,Bengkulu,Bengkulu,Sumatra,WIB,2026-08-31 00:00:00+00:00,2026-08-31 12:00:00+00:00,12,17.762939563681357,35.9,0.0,37.58466547968414,21.615907358938607,38.84584648538537,58.947022532902224,primary
BENGKULU,Bengkulu,Bengkulu,Sumatra,WIB,2026-08-31 00:00:00+00:00,2026-09-01 00:00:00+00:00,24,19.487023550368576,35.9,0.0,40.034091368438546,23.1077708366714,42.237922494743984,57.162615760144405,primary
BENGKULU,Bengkulu,Bengkulu,Sumatra,WIB,2026-08-31 00:00:00+00:00,2026-09-02 00:00:00+00:00,48,13.871995108161173,35.9,0.0,37.29707077179144,18.842031267872144,41.66854289862279,66.58849389670952,primary
BENGKULU,Bengkulu,Bengkulu,Sumatra,WIB,2026-08-31 00:00:00+00:00,2026-09-03 00:00:00+00:00,72,20.71019089555648,35.9,0.0,44.84743413442609,20.975049100658126,44.59199947142,71.21242304143183,primary
INDRAPURI2,Indrapuri,Aceh,Sumatra,WIB,2026-08-31 00:00:00+00:00,2026-08-31 03:00:00+00:00,3,5.305020867041321,21.8,0.0,18.65362101369119,10.09275737695533,18.546642395532448,32.08983231779455,primary
INDRAPURI2,Indrapuri,Aceh,Sumatra,WIB,2026-08-31 00:00:00+00:00,2026-08-31 06:00:00+00:00,6,5.461475716117548,21.8,0.0,13.559412565268048,8.90914625156168,13.700583356334345,23.286555073622655,primary
INDRAPURI2,Indrapuri,Aceh,Sumatra,WIB,2026-08-31 00:00:00+00:00,2026-08-31 12:00:00+00:00,12,8.644771121169015,21.8,0.0,21.276955291603713,11.716568360026521,22.702417207549676,40.391069658457084,primary
INDRAPURI2,Indrapuri,Aceh,Sumatra,WIB,2026-08-31 00:00:00+00:00,2026-09-01 00:00:00+00:00,24,18.838237636487065,21.8,0.0,23.239666517653454,13.053127047904582,26.74160213650234,38.38722606982565,primary
INDRAPURI2,Indrapuri,Aceh,Sumatra,WIB,2026-08-31 00:00:00+00:00,2026-09-02 00:00:00+00:00,48,13.08128005916842,21.8,0.0,22.240471841833177,8.581255992761575,24.17253263053169,40.744926289216295,primary
INDRAPURI2,Indrapuri,Aceh,Sumatra,WIB,2026-08-31 00:00:00+00:00,2026-09-03 00:00:00+00:00,72,16.839235783550066,21.8,0.0,24.00244198099107,9.597667350031355,21.99377546033473,42.40638635911037,primary
JAMBI3,Kota Jambi,Jambi,Sumatra,WIB,2026-08-31 00:00:00+00:00,2026-08-31 03:00:00+00:00,3,66.21780812565703,45.1,0.0,64.30524165776775,26.02494417876525,62.40311478853272,109.77683386262814,primary
JAMBI3,Kota Jambi,Jambi,Sumatra,WIB,2026-08-31 00:00:00+00:00,2026-08-31 06:00:00+00:00,6,41.60599331726189,45.1,0.0,72.13866336946626,27.268487733861743,74.29841136178055,118.92857162744893,primary
JAMBI3,Kota Jambi,Jambi,Sumatra,WIB,2026-08-31 00:00:00+00:00,2026-08-31 12:00:00+00:00,12,46.58275187807703,45.1,0.0,113.41120939442688,28.77693456675534,110.23447531787816,172.51299127062344,primary
JAMBI3,Kota Jambi,Jambi,Sumatra,WIB,2026-08-31 00:00:00+00:00,2026-09-01 00:00:00+00:00,24,32.921892767490135,45.1,0.0,74.78496054246087,24.534012120778392,77.42858858914329,137.89322438270426,primary
JAMBI3,Kota Jambi,Jambi,Sumatra,WIB,2026-08-31 00:00:00+00:00,2026-09-02 00:00:00+00:00,48,26.66554443919722,45.1,0.0,55.4254054829697,21.029012906152413,59.81008745516426,99.05653091737301,primary
JAMBI3,Kota Jambi,Jambi,Sumatra,WIB,2026-08-31 00:00:00+00:00,2026-09-03 00:00:00+00:00,72,33.57985534080399,45.1,0.0,55.664486233644205,19.220493482093545,57.95270508427578,207.6717508509035,primary
JAMBI4,Muaro Jambi,Jambi,Sumatra,WIB,2026-08-31 00:00:00+00:00,2026-08-31 03:00:00+00:00,3,71.7687740348083,34.5,0.0,61.87949592640922,26.75058643311347,60.451192611870354,111.73258668542198,primary
JAMBI4,Muaro Jambi,Jambi,Sumatra,WIB,2026-08-31 00:00:00+00:00,2026-08-31 06:00:00+00:00,6,43.18389912327802,34.5,0.0,71.48777124735767,25.920809878179245,76.30102178001736,117.059350186106,primary
JAMBI4,Muaro Jambi,Jambi,Sumatra,WIB,2026-08-31 00:00:00+00:00,2026-08-31 12:00:00+00:00,12,40.79084803265687,34.5,0.0,99.19630924430105,28.67014325645275,100.63848831370208,181.355568392097,primary
JAMBI4,Muaro Jambi,Jambi,Sumatra,WIB,2026-08-31 00:00:00+00:00,2026-09-01 00:00:00+00:00,24,36.380452428375065,34.5,0.0,59.259809245571596,23.050795102156787,64.89018013484213,132.73844790861546,primary
JAMBI4,Muaro Jambi,Jambi,Sumatra,WIB,2026-08-31 00:00:00+00:00,2026-09-02 00:00:00+00:00,48,29.344771945716275,34.5,0.0,51.21589666156748,19.968887040038457,57.01771039331661,114.0380000134946,primary
JAMBI4,Muaro Jambi,Jambi,Sumatra,WIB,2026-08-31 00:00:00+00:00,2026-09-03 00:00:00+00:00,72,37.07296158950157,34.5,0.0,54.31788215041565,17.936723653755692,50.68905694478682,148.06780716144198,primary
KEMAYORAN3,Kemayoran,DKI Jakarta,Java,WIB,2026-08-31 00:00:00+00:00,2026-08-31 03:00:00+00:00,3,30.506548398534505,51.8,0.0,42.79735613977494,22.837289693195903,44.32014504102922,53.169094950652706,primary
KEMAYORAN3,Kemayoran,DKI Jakarta,Java,WIB,2026-08-31 00:00:00+00:00,2026-08-31 06:00:00+00:00,6,37.52331423356736,51.8,0.0,36.77403969380756,21.60731653623456,36.82478682540052,51.79378918575066,primary
KEMAYORAN3,Kemayoran,DKI Jakarta,Java,WIB,2026-08-31 00:00:00+00:00,2026-08-31 12:00:00+00:00,12,58.79058306845764,51.8,0.0,33.339661333698025,21.031567717696745,32.6702065769035,51.83537176329594,primary
KEMAYORAN3,Kemayoran,DKI Jakarta,Java,WIB,2026-08-31 00:00:00+00:00,2026-09-01 00:00:00+00:00,24,99.0351551877211,51.8,0.0,51.593220299149856,24.59847461180578,55.093355482493365,77.19915899350616,primary
KEMAYORAN3,Kemayoran,DKI Jakarta,Java,WIB,2026-08-31 00:00:00+00:00,2026-09-02 00:00:00+00:00,48,74.75161822867449,51.8,0.0,47.550857774119926,21.993917504866086,53.85700439094104,67.86618309838914,primary
KEMAYORAN3,Kemayoran,DKI Jakarta,Java,WIB,2026-08-31 00:00:00+00:00,2026-09-03 00:00:00+00:00,72,122.67788918052248,51.8,0.0,48.56437791542297,21.190031548989776,53.29965227696848,77.37770042420156,primary
KOTABARU,Kotabaru,South Kalimantan,Kalimantan,WITA,2026-08-31 00:00:00+00:00,2026-08-31 03:00:00+00:00,3,13.493055561752954,38.7,0.0,19.752227848425402,13.211902892286961,19.830769395048726,28.535310223366366,primary
KOTABARU,Kotabaru,South Kalimantan,Kalimantan,WITA,2026-08-31 00:00:00+00:00,2026-08-31 06:00:00+00:00,6,14.42110075799974,38.7,0.0,20.737225978646872,14.023509929483403,21.155676419006518,28.12985742946347,primary
KOTABARU,Kotabaru,South Kalimantan,Kalimantan,WITA,2026-08-31 00:00:00+00:00,2026-08-31 12:00:00+00:00,12,9.899183694983549,38.7,0.0,21.93648656022293,14.965757333305907,21.289262020113654,29.86034496099523,primary
KOTABARU,Kotabaru,South Kalimantan,Kalimantan,WITA,2026-08-31 00:00:00+00:00,2026-09-01 00:00:00+00:00,24,13.831202849701183,38.7,0.0,27.618671768941244,13.938083411941292,29.412505795678157,45.34932255741074,primary
KOTABARU,Kotabaru,South Kalimantan,Kalimantan,WITA,2026-08-31 00:00:00+00:00,2026-09-02 00:00:00+00:00,48,12.884271427537897,38.7,0.0,27.26623056952026,14.672229723903206,27.33440775477121,44.427530262796665,primary
KOTABARU,Kotabaru,South Kalimantan,Kalimantan,WITA,2026-08-31 00:00:00+00:00,2026-09-03 00:00:00+00:00,72,13.387879249648904,38.7,0.0,29.04534085738658,14.985528317586194,28.499096773075305,44.934464528427014,primary
KOTOTABANG2,Koto Tabang,West Sumatra,Sumatra,WIB,2026-08-31 00:00:00+00:00,2026-08-31 03:00:00+00:00,3,16.914734501938256,8.3,0.0,14.248454197151785,6.291840219049714,12.508079295011377,20.904466196228093,primary
KOTOTABANG2,Koto Tabang,West Sumatra,Sumatra,WIB,2026-08-31 00:00:00+00:00,2026-08-31 06:00:00+00:00,6,13.425678346834502,8.3,0.0,12.652863611674352,5.706481746777064,12.490976318758534,20.74841742220399,primary
KOTOTABANG2,Koto Tabang,West Sumatra,Sumatra,WIB,2026-08-31 00:00:00+00:00,2026-08-31 12:00:00+00:00,12,16.992434126450462,8.3,0.0,18.08165684334587,5.676928866496247,18.743702282696834,29.088697799128415,primary
KOTOTABANG2,Koto Tabang,West Sumatra,Sumatra,WIB,2026-08-31 00:00:00+00:00,2026-09-01 00:00:00+00:00,24,36.71974724284155,8.3,0.0,13.263371170093755,5.243045549957143,14.036372028483287,24.370866399884235,primary
KOTOTABANG2,Koto Tabang,West Sumatra,Sumatra,WIB,2026-08-31 00:00:00+00:00,2026-09-02 00:00:00+00:00,48,20.9799484451878,8.3,0.0,10.355952503547988,4.993222203828807,11.629010012933563,30.376163362694488,primary
KOTOTABANG2,Koto Tabang,West Sumatra,Sumatra,WIB,2026-08-31 00:00:00+00:00,2026-09-03 00:00:00+00:00,72,15.05966729098418,8.3,0.0,12.37068028705203,3.634075556124309,12.046927442994582,29.159409365843093,primary
MALANG,Malang,East Java,Java,WIB,2026-08-31 00:00:00+00:00,2026-08-31 03:00:00+00:00,3,22.010532063632127,60.4,0.0,34.922196826944564,17.8960482928698,34.17705290708593,49.33823362010084,primary
MALANG,Malang,East Java,Java,WIB,2026-08-31 00:00:00+00:00,2026-08-31 06:00:00+00:00,6,18.720703209851308,60.4,0.0,26.180029718122217,15.038362905091343,26.57430419395039,41.24727139671443,primary
MALANG,Malang,East Java,Java,WIB,2026-08-31 00:00:00+00:00,2026-08-31 12:00:00+00:00,12,37.281353115758975,60.4,0.0,28.328386400261415,14.63582327397733,27.348459302344835,47.12173532166989,primary
MALANG,Malang,East Java,Java,WIB,2026-08-31 00:00:00+00:00,2026-09-01 00:00:00+00:00,24,61.1366246516809,60.4,0.0,41.21176158538668,18.84508385081467,39.991268668103984,62.50477833766135,primary
MALANG,Malang,East Java,Java,WIB,2026-08-31 00:00:00+00:00,2026-09-02 00:00:00+00:00,48,54.38795014356401,60.4,0.0,35.2843756241978,17.353093614003928,37.857649149173206,59.34372470148821,primary
MALANG,Malang,East Java,Java,WIB,2026-08-31 00:00:00+00:00,2026-09-03 00:00:00+00:00,72,50.4786186183992,60.4,0.0,34.15517902040328,16.100770756148147,34.431750097042894,60.652098407413774,primary
MAROS,Maros,South Sulawesi,Sulawesi,WITA,2026-08-31 00:00:00+00:00,2026-08-31 03:00:00+00:00,3,11.257230703165533,38.4,0.0,26.57039212561631,16.1491865471843,26.66644273765892,32.11301200771063,primary
MAROS,Maros,South Sulawesi,Sulawesi,WITA,2026-08-31 00:00:00+00:00,2026-08-31 06:00:00+00:00,6,17.570892296703278,38.4,0.0,25.410077894885863,17.164772507443132,25.78573061964346,33.634709216847476,primary
MAROS,Maros,South Sulawesi,Sulawesi,WITA,2026-08-31 00:00:00+00:00,2026-08-31 12:00:00+00:00,12,19.5175289263716,38.4,0.0,34.00505778091859,17.750687291074925,35.02977567582816,45.70488225440704,primary
MAROS,Maros,South Sulawesi,Sulawesi,WITA,2026-08-31 00:00:00+00:00,2026-09-01 00:00:00+00:00,24,14.606080789292264,38.4,0.0,37.90089211594813,19.523675989335082,40.49772114712312,61.20803341622074,primary
MAROS,Maros,South Sulawesi,Sulawesi,WITA,2026-08-31 00:00:00+00:00,2026-09-02 00:00:00+00:00,48,19.210030899330377,38.4,0.0,38.12516534098962,20.582908835085167,40.8560269477448,64.42038830637081,primary
MAROS,Maros,South Sulawesi,Sulawesi,WITA,2026-08-31 00:00:00+00:00,2026-09-03 00:00:00+00:00,72,17.466785351416547,38.4,0.0,39.49577264786644,20.677961201763708,39.58852065354587,65.57572612607494,primary
MEDAN2,Medan,North Sumatra,Sumatra,WIB,2026-08-31 00:00:00+00:00,2026-08-31 03:00:00+00:00,3,20.97989515448262,38.3,0.0,29.873845949756674,16.43460187929095,30.81984327798574,41.64621923459654,primary
MEDAN2,Medan,North Sumatra,Sumatra,WIB,2026-08-31 00:00:00+00:00,2026-08-31 06:00:00+00:00,6,17.651011319230747,38.3,0.0,29.86363533066984,17.587715766708083,29.534751289301035,37.64662351140602,primary
MEDAN2,Medan,North Sumatra,Sumatra,WIB,2026-08-31 00:00:00+00:00,2026-08-31 12:00:00+00:00,12,33.87204117188958,38.3,0.0,40.34557386116301,18.808751612700796,40.88676298575023,64.96936721802513,primary
MEDAN2,Medan,North Sumatra,Sumatra,WIB,2026-08-31 00:00:00+00:00,2026-09-01 00:00:00+00:00,24,53.06604933252856,38.3,0.0,34.66459633906156,16.53404645612505,34.440310006232394,64.63562055571768,primary
MEDAN2,Medan,North Sumatra,Sumatra,WIB,2026-08-31 00:00:00+00:00,2026-09-02 00:00:00+00:00,48,34.288277106497844,38.3,0.0,37.39488375636978,18.492586847865308,37.24213508330079,62.04794518461877,primary
MEDAN2,Medan,North Sumatra,Sumatra,WIB,2026-08-31 00:00:00+00:00,2026-09-03 00:00:00+00:00,72,60.85362258545501,38.3,0.0,36.16748918203304,16.02809426826128,37.45033170846598,80.97036103355805,primary
MLATI,Sleman,DI Yogyakarta,Java,WIB,2026-08-31 00:00:00+00:00,2026-08-31 03:00:00+00:00,3,29.015273739219083,104.2,0.0,42.75116437208362,19.88965481588749,42.68700857344191,71.09506731754348,primary
MLATI,Sleman,DI Yogyakarta,Java,WIB,2026-08-31 00:00:00+00:00,2026-08-31 06:00:00+00:00,6,22.91335121640259,104.2,0.0,33.67129893994236,17.7907075884057,35.58982690340425,47.75914999333474,primary
MLATI,Sleman,DI Yogyakarta,Java,WIB,2026-08-31 00:00:00+00:00,2026-08-31 12:00:00+00:00,12,21.752597945123853,104.2,0.0,34.87016583608876,19.130875130236404,36.302659377068515,51.45460311821684,primary
MLATI,Sleman,DI Yogyakarta,Java,WIB,2026-08-31 00:00:00+00:00,2026-09-01 00:00:00+00:00,24,32.30387335406704,104.2,0.0,50.238699773943104,22.259646163110745,55.43365407893972,75.34685793844415,primary
MLATI,Sleman,DI Yogyakarta,Java,WIB,2026-08-31 00:00:00+00:00,2026-09-02 00:00:00+00:00,48,25.85181668735004,104.2,0.0,47.67980517449479,19.95023137485856,51.42101517591919,81.01347422669835,primary
MLATI,Sleman,DI Yogyakarta,Java,WIB,2026-08-31 00:00:00+00:00,2026-09-03 00:00:00+00:00,72,20.470984907206,104.2,0.0,47.335089675018494,19.57950140815792,47.18302887517517,84.80080616743427,primary
PALANGKARAYA2,Palangka Raya,Central Kalimantan,Kalimantan,WIB,2026-08-31 00:00:00+00:00,2026-08-31 03:00:00+00:00,3,130.13526256600016,131.4,0.0,93.3048449277321,26.4236728722478,92.566472469535,177.48648486440527,primary
PALANGKARAYA2,Palangka Raya,Central Kalimantan,Kalimantan,WIB,2026-08-31 00:00:00+00:00,2026-08-31 06:00:00+00:00,6,414.7363199535903,131.4,0.0,79.64641716384911,23.707863610918942,79.26809176637664,133.35251306255498,primary
PALANGKARAYA2,Palangka Raya,Central Kalimantan,Kalimantan,WIB,2026-08-31 00:00:00+00:00,2026-08-31 12:00:00+00:00,12,183.85529187980865,131.4,0.0,68.90646784298487,17.462474517924345,65.91300921988046,118.60075110350249,primary
PALANGKARAYA2,Palangka Raya,Central Kalimantan,Kalimantan,WIB,2026-08-31 00:00:00+00:00,2026-09-01 00:00:00+00:00,24,310.9976773885137,131.4,0.0,99.336811397672,22.497100838040403,102.50781364950197,262.1528602918928,primary
PALANGKARAYA2,Palangka Raya,Central Kalimantan,Kalimantan,WIB,2026-08-31 00:00:00+00:00,2026-09-02 00:00:00+00:00,48,239.56630457178107,131.4,0.0,66.2574402904583,16.974341601285733,80.52209441598143,254.91192331369538,primary
PALANGKARAYA2,Palangka Raya,Central Kalimantan,Kalimantan,WIB,2026-08-31 00:00:00+00:00,2026-09-03 00:00:00+00:00,72,218.98934221553645,131.4,0.0,69.34616384823872,16.830512329188615,73.72244341102021,280.51505848781056,primary
PALEMBANG3,Talang Betutu Palembang,South Sumatra,Sumatra,WIB,2026-08-31 00:00:00+00:00,2026-08-31 03:00:00+00:00,3,20.56045644849292,89.29999999999998,0.0,73.80602432915008,26.06050596495796,72.48839519039296,122.62301021781361,primary
PALEMBANG3,Talang Betutu Palembang,South Sumatra,Sumatra,WIB,2026-08-31 00:00:00+00:00,2026-08-31 06:00:00+00:00,6,33.37532916702912,89.29999999999998,0.0,69.69402940940927,28.876770558218617,70.47664311086153,118.47073029209416,primary
PALEMBANG3,Talang Betutu Palembang,South Sumatra,Sumatra,WIB,2026-08-31 00:00:00+00:00,2026-08-31 12:00:00+00:00,12,67.06499533493115,89.29999999999998,0.0,96.63052435482285,29.51193439000228,95.07923590470826,168.26141733410662,primary
PALEMBANG3,Talang Betutu Palembang,South Sumatra,Sumatra,WIB,2026-08-31 00:00:00+00:00,2026-09-01 00:00:00+00:00,24,21.061381971776427,89.29999999999998,0.0,96.35086524722522,26.43642445239289,96.07744600709766,152.7463676291755,primary
PALEMBANG3,Talang Betutu Palembang,South Sumatra,Sumatra,WIB,2026-08-31 00:00:00+00:00,2026-09-02 00:00:00+00:00,48,30.1744300656992,89.29999999999998,0.0,80.83967672822531,22.56094605338151,87.31286186412521,148.32114513472897,primary
PALEMBANG3,Talang Betutu Palembang,South Sumatra,Sumatra,WIB,2026-08-31 00:00:00+00:00,2026-09-03 00:00:00+00:00,72,32.18834265794612,89.29999999999998,0.0,83.01879352780676,23.143736851846477,76.67663644465932,173.89802489712957,primary
PALEMBANG4,Musi 2 Palembang,South Sumatra,Sumatra,WIB,2026-08-31 00:00:00+00:00,2026-08-31 03:00:00+00:00,3,21.81151792512992,89.09999999999998,0.0,71.93126149904792,26.566511409788056,72.38216152757958,114.98877025782869,primary
PALEMBANG4,Musi 2 Palembang,South Sumatra,Sumatra,WIB,2026-08-31 00:00:00+00:00,2026-08-31 06:00:00+00:00,6,35.428787015234775,89.09999999999998,0.0,71.15813376030938,29.000808388528924,72.61035619853772,119.38344343203717,primary
PALEMBANG4,Musi 2 Palembang,South Sumatra,Sumatra,WIB,2026-08-31 00:00:00+00:00,2026-08-31 12:00:00+00:00,12,71.22954315263996,89.09999999999998,0.0,108.71648469267132,29.03677955107706,105.7190523936691,197.69246041023592,primary
PALEMBANG4,Musi 2 Palembang,South Sumatra,Sumatra,WIB,2026-08-31 00:00:00+00:00,2026-09-01 00:00:00+00:00,24,20.668657896294462,89.09999999999998,0.0,86.39704460310942,25.93487157205162,89.23968955368719,201.675509732734,primary
PALEMBANG4,Musi 2 Palembang,South Sumatra,Sumatra,WIB,2026-08-31 00:00:00+00:00,2026-09-02 00:00:00+00:00,48,32.15659205579868,89.09999999999998,0.0,74.34999434095221,21.617064450271943,82.59365262387293,208.49184521988786,primary
PALEMBANG4,Musi 2 Palembang,South Sumatra,Sumatra,WIB,2026-08-31 00:00:00+00:00,2026-09-03 00:00:00+00:00,72,33.25185815583609,89.09999999999998,0.0,73.57465307734215,20.89608647627897,67.99727434735588,232.8867376802138,primary
PALU,Lore Lindu Bariri,Central Sulawesi,Sulawesi,WITA,2026-08-31 00:00:00+00:00,2026-08-31 03:00:00+00:00,3,7.958241177163927,28.2,0.0,23.765632080120803,13.30983107492371,23.03674310565463,34.090491531216585,primary
PALU,Lore Lindu Bariri,Central Sulawesi,Sulawesi,WITA,2026-08-31 00:00:00+00:00,2026-08-31 06:00:00+00:00,6,9.016277502382763,28.2,0.0,20.9393263923777,12.379799357042145,20.649795390226352,29.069181386390557,primary
PALU,Lore Lindu Bariri,Central Sulawesi,Sulawesi,WITA,2026-08-31 00:00:00+00:00,2026-08-31 12:00:00+00:00,12,9.94651205843411,28.2,0.0,22.450869940870394,15.3020946292988,23.270643180878952,28.709185456242277,primary
PALU,Lore Lindu Bariri,Central Sulawesi,Sulawesi,WITA,2026-08-31 00:00:00+00:00,2026-09-01 00:00:00+00:00,24,1.8718522287741728,28.2,0.0,20.98663424597828,8.987170987583783,20.74291191847616,32.25514440290871,primary
PALU,Lore Lindu Bariri,Central Sulawesi,Sulawesi,WITA,2026-08-31 00:00:00+00:00,2026-09-02 00:00:00+00:00,48,8.422105679528613,28.2,0.0,22.751278040801484,10.098939113050792,22.8463167630498,35.16788804327837,primary
PALU,Lore Lindu Bariri,Central Sulawesi,Sulawesi,WITA,2026-08-31 00:00:00+00:00,2026-09-03 00:00:00+00:00,72,8.475476320768394,28.2,0.0,22.310052416151166,10.214912746584059,23.449248393327604,34.85880139535611,primary
PANGKALANBUN2,Pangkalan Bun,Central Kalimantan,Kalimantan,WIB,2026-08-31 00:00:00+00:00,2026-08-31 03:00:00+00:00,3,56.31493138480437,300.3,0.0,51.76959760252567,19.92192971393677,48.442007221653014,98.3238889464583,primary
PANGKALANBUN2,Pangkalan Bun,Central Kalimantan,Kalimantan,WIB,2026-08-31 00:00:00+00:00,2026-08-31 06:00:00+00:00,6,111.61143476101644,300.3,0.0,36.736521263678554,14.122015603898788,38.685419773122234,72.5838796717333,primary
PANGKALANBUN2,Pangkalan Bun,Central Kalimantan,Kalimantan,WIB,2026-08-31 00:00:00+00:00,2026-08-31 12:00:00+00:00,12,56.78857206703469,300.3,0.0,29.602065203777443,14.161890581853093,27.57575094138245,76.24914393063364,primary
PANGKALANBUN2,Pangkalan Bun,Central Kalimantan,Kalimantan,WIB,2026-08-31 00:00:00+00:00,2026-09-01 00:00:00+00:00,24,59.5179407980595,300.3,0.0,79.46997163753954,20.63227305003754,91.53182606215101,193.07789489794308,primary
PANGKALANBUN2,Pangkalan Bun,Central Kalimantan,Kalimantan,WIB,2026-08-31 00:00:00+00:00,2026-09-02 00:00:00+00:00,48,54.13452086600046,300.3,0.0,45.8690950943686,17.129463157071115,49.744926994981746,177.32630269218078,primary
PANGKALANBUN2,Pangkalan Bun,Central Kalimantan,Kalimantan,WIB,2026-08-31 00:00:00+00:00,2026-09-03 00:00:00+00:00,72,56.59131829816033,300.3,0.0,44.524511959793976,16.850140754930532,45.54064764609522,138.36504599672443,primary
PEKANBARU2,Pekanbaru,Riau,Sumatra,WIB,2026-08-31 00:00:00+00:00,2026-08-31 03:00:00+00:00,3,132.42652130429633,19.7,0.0,30.080729938564975,16.312127088306536,29.948785747784132,51.6891805421021,primary
PEKANBARU2,Pekanbaru,Riau,Sumatra,WIB,2026-08-31 00:00:00+00:00,2026-08-31 06:00:00+00:00,6,106.94398611121868,19.7,0.0,33.73155215078546,12.610988512264019,32.19670293831363,62.41037417341419,primary
PEKANBARU2,Pekanbaru,Riau,Sumatra,WIB,2026-08-31 00:00:00+00:00,2026-08-31 12:00:00+00:00,12,115.12011610648187,19.7,0.0,47.87657444659249,14.049052180753765,48.32244188031103,85.65798394856513,primary
PEKANBARU2,Pekanbaru,Riau,Sumatra,WIB,2026-08-31 00:00:00+00:00,2026-09-01 00:00:00+00:00,24,55.55689597258606,19.7,0.0,32.68144629971421,16.023879601685366,35.0701636048174,80.18308477353091,primary
PEKANBARU2,Pekanbaru,Riau,Sumatra,WIB,2026-08-31 00:00:00+00:00,2026-09-02 00:00:00+00:00,48,37.93734748569477,19.7,0.0,36.91665087920119,14.051142649289764,34.06984319811964,73.22843215691813,primary
PEKANBARU2,Pekanbaru,Riau,Sumatra,WIB,2026-08-31 00:00:00+00:00,2026-09-03 00:00:00+00:00,72,18.06825444816696,19.7,0.0,37.57047652592511,12.265187192247343,35.311875788816344,86.66661664856665,primary
PESAWARAN,Pesawaran,Lampung,Sumatra,WIB,2026-08-31 00:00:00+00:00,2026-08-31 03:00:00+00:00,3,15.695910349222686,45.7,0.0,42.93999216076959,24.521846995852325,45.61214134159909,52.83758083950978,primary
PESAWARAN,Pesawaran,Lampung,Sumatra,WIB,2026-08-31 00:00:00+00:00,2026-08-31 06:00:00+00:00,6,18.350597486005427,45.7,0.0,39.0683895888498,23.54208797872928,40.899144684960156,56.82092383507871,primary
PESAWARAN,Pesawaran,Lampung,Sumatra,WIB,2026-08-31 00:00:00+00:00,2026-08-31 12:00:00+00:00,12,34.11095761407523,45.7,0.0,55.67521257670667,29.295835404926613,56.69161892770358,71.44279051543963,primary
PESAWARAN,Pesawaran,Lampung,Sumatra,WIB,2026-08-31 00:00:00+00:00,2026-09-01 00:00:00+00:00,24,40.20528976411697,45.7,0.0,50.49715945414841,25.499528685390892,51.32788745399252,73.12220648507437,primary
PESAWARAN,Pesawaran,Lampung,Sumatra,WIB,2026-08-31 00:00:00+00:00,2026-09-02 00:00:00+00:00,48,44.70976833204077,45.7,0.0,50.540525957255454,21.44724576900335,51.197373235409884,68.81799429962996,primary
PESAWARAN,Pesawaran,Lampung,Sumatra,WIB,2026-08-31 00:00:00+00:00,2026-09-03 00:00:00+00:00,72,58.21850379561511,45.7,0.0,50.824899748254964,21.317980852026444,48.36692739290054,74.72189831112246,primary
PONTIANAK2,Mempawah,West Kalimantan,Kalimantan,WIB,2026-08-31 00:00:00+00:00,2026-08-31 03:00:00+00:00,3,123.21274311943851,309.0,0.0,92.5479353339014,26.71757000002545,90.83429094446193,203.68361784725067,primary
PONTIANAK2,Mempawah,West Kalimantan,Kalimantan,WIB,2026-08-31 00:00:00+00:00,2026-08-31 06:00:00+00:00,6,221.77617609031583,309.0,0.0,73.78176415711854,24.902536093666676,79.85925814300136,134.26488816242974,primary
PONTIANAK2,Mempawah,West Kalimantan,Kalimantan,WIB,2026-08-31 00:00:00+00:00,2026-08-31 12:00:00+00:00,12,28.19807853882139,309.0,0.0,56.106934424348545,19.709042591052597,53.50009517462055,113.22031657957136,primary
PONTIANAK2,Mempawah,West Kalimantan,Kalimantan,WIB,2026-08-31 00:00:00+00:00,2026-09-01 00:00:00+00:00,24,67.43033509337693,309.0,0.0,115.0037829231046,19.547008470932806,140.63929438959408,345.2656289583605,primary
PONTIANAK2,Mempawah,West Kalimantan,Kalimantan,WIB,2026-08-31 00:00:00+00:00,2026-09-02 00:00:00+00:00,48,206.69679656748485,309.0,0.0,78.20569981893713,16.559275916000704,88.81896444980275,348.96485974972035,primary
PONTIANAK2,Mempawah,West Kalimantan,Kalimantan,WIB,2026-08-31 00:00:00+00:00,2026-09-03 00:00:00+00:00,72,74.26552173228629,309.0,0.0,72.56293797231896,14.938836437738722,85.51868018882007,315.8707142729196,primary
SAMARINDA2,Samarinda,East Kalimantan,Kalimantan,WITA,2026-08-31 00:00:00+00:00,2026-08-31 03:00:00+00:00,3,26.07496796258601,18.8,0.0,24.200586830095933,13.59533426865427,23.615703279970884,36.16978932867405,primary
SAMARINDA2,Samarinda,East Kalimantan,Kalimantan,WITA,2026-08-31 00:00:00+00:00,2026-08-31 06:00:00+00:00,6,40.61189784465569,18.8,0.0,28.407548744278856,17.42016702258388,28.74341746409973,43.54579942632635,primary
SAMARINDA2,Samarinda,East Kalimantan,Kalimantan,WITA,2026-08-31 00:00:00+00:00,2026-08-31 12:00:00+00:00,12,13.083555572279693,18.8,0.0,24.970742323656207,16.7939350645625,25.233795389044708,33.13367158334732,primary
SAMARINDA2,Samarinda,East Kalimantan,Kalimantan,WITA,2026-08-31 00:00:00+00:00,2026-09-01 00:00:00+00:00,24,15.07667235500776,18.8,0.0,25.35991395456852,16.56623812179681,26.550461433188463,45.36369775092741,primary
SAMARINDA2,Samarinda,East Kalimantan,Kalimantan,WITA,2026-08-31 00:00:00+00:00,2026-09-02 00:00:00+00:00,48,14.482711918617497,18.8,0.0,25.288907425412717,12.55093974079409,25.765136581426184,39.89978277309355,primary
SAMARINDA2,Samarinda,East Kalimantan,Kalimantan,WITA,2026-08-31 00:00:00+00:00,2026-09-03 00:00:00+00:00,72,15.699145095027234,18.8,0.0,25.93536607728545,12.106337795589479,27.018035581307604,52.826329471567554,primary
SEMARANG,Semarang,Central Java,Java,WIB,2026-08-31 00:00:00+00:00,2026-08-31 03:00:00+00:00,3,34.4776047711548,18.2,0.0,22.402718755097872,14.362900741644523,23.63385263600914,36.29053178114627,primary
SEMARANG,Semarang,Central Java,Java,WIB,2026-08-31 00:00:00+00:00,2026-08-31 06:00:00+00:00,6,38.25041972049803,18.2,0.0,22.98298030511797,12.869629919256717,23.175001341849484,39.67001506955542,primary
SEMARANG,Semarang,Central Java,Java,WIB,2026-08-31 00:00:00+00:00,2026-08-31 12:00:00+00:00,12,54.235023583260045,18.2,0.0,26.0435121115805,13.310348376903866,24.98048168527456,39.30843253858568,primary
SEMARANG,Semarang,Central Java,Java,WIB,2026-08-31 00:00:00+00:00,2026-09-01 00:00:00+00:00,24,49.17453821917661,18.2,0.0,31.820946177679595,19.048338745129684,34.48927591006681,48.19161549131493,primary
SEMARANG,Semarang,Central Java,Java,WIB,2026-08-31 00:00:00+00:00,2026-09-02 00:00:00+00:00,48,40.53234547995999,18.2,0.0,35.388735933808576,18.733976894324847,37.25789568845547,52.97428703780085,primary
SEMARANG,Semarang,Central Java,Java,WIB,2026-08-31 00:00:00+00:00,2026-09-03 00:00:00+00:00,72,57.76418632308378,18.2,0.0,36.70764514928003,18.716796651649567,36.257393876248855,56.45591884393191,primary
SINTANG,Sintang,West Kalimantan,Kalimantan,WIB,2026-08-31 00:00:00+00:00,2026-08-31 03:00:00+00:00,3,201.0233544069706,385.0,0.0,92.95493169592548,26.61339474926941,90.06702985321948,208.39655015777245,primary
SINTANG,Sintang,West Kalimantan,Kalimantan,WIB,2026-08-31 00:00:00+00:00,2026-08-31 06:00:00+00:00,6,205.5526522326545,385.0,0.0,82.92573892472385,25.144885272070482,87.70254601222948,153.70557065002504,primary
SINTANG,Sintang,West Kalimantan,Kalimantan,WIB,2026-08-31 00:00:00+00:00,2026-08-31 12:00:00+00:00,12,328.3385012764484,385.0,0.0,96.54448054135595,23.290825347578537,94.88153162223865,216.70782936439082,primary
SINTANG,Sintang,West Kalimantan,Kalimantan,WIB,2026-08-31 00:00:00+00:00,2026-09-01 00:00:00+00:00,24,147.3378858918295,385.0,0.0,122.8163542990105,22.496207194572715,156.80882570546075,386.70469956506867,primary
SINTANG,Sintang,West Kalimantan,Kalimantan,WIB,2026-08-31 00:00:00+00:00,2026-09-02 00:00:00+00:00,48,128.02014737189893,385.0,0.0,82.09532291894071,17.053755977708917,95.02300768073411,360.40128763559244,primary
SINTANG,Sintang,West Kalimantan,Kalimantan,WIB,2026-08-31 00:00:00+00:00,2026-09-03 00:00:00+00:00,72,167.6266379035951,385.0,0.0,77.44777667072995,13.765463344911925,88.5432135974772,337.63184784477005,primary
SORONG,Sorong,West Papua,Papua,WIT,2026-08-31 00:00:00+00:00,2026-08-31 03:00:00+00:00,3,8.828520137171836,15.4,0.0,16.51728992644301,10.427113221868979,17.1916570683128,25.078798120124148,primary
SORONG,Sorong,West Papua,Papua,WIT,2026-08-31 00:00:00+00:00,2026-08-31 06:00:00+00:00,6,11.28238302783302,15.4,0.0,18.78206900959383,11.466800604544101,19.648560931535357,27.18149248554083,primary
SORONG,Sorong,West Papua,Papua,WIT,2026-08-31 00:00:00+00:00,2026-08-31 12:00:00+00:00,12,8.712318866344049,15.4,0.0,22.313605299033984,15.097055951483382,23.048141817634832,32.41402728432444,primary
SORONG,Sorong,West Papua,Papua,WIT,2026-08-31 00:00:00+00:00,2026-09-01 00:00:00+00:00,24,9.021860591928998,15.4,0.0,22.15455241941395,11.835275458748018,22.599338850688245,30.17519662907269,primary
SORONG,Sorong,West Papua,Papua,WIT,2026-08-31 00:00:00+00:00,2026-09-02 00:00:00+00:00,48,10.38210672987816,15.4,0.0,20.35950962254845,12.732208318899357,22.96964298183485,32.20403727755928,primary
SORONG,Sorong,West Papua,Papua,WIT,2026-08-31 00:00:00+00:00,2026-09-03 00:00:00+00:00,72,6.830187970763291,15.4,0.0,18.460635713145802,12.056457280384052,18.625332795284915,34.29755378862481,primary
SUPADIO,Kubu Raya,West Kalimantan,Kalimantan,WIB,2026-08-31 00:00:00+00:00,2026-08-31 03:00:00+00:00,3,167.1389355806241,390.7,0.0,93.27360437721765,26.47544466955871,91.44557902151871,198.79352687059887,primary
SUPADIO,Kubu Raya,West Kalimantan,Kalimantan,WIB,2026-08-31 00:00:00+00:00,2026-08-31 06:00:00+00:00,6,360.0787579216558,390.7,0.0,84.0246554324294,27.627523431038636,88.2861213702817,153.19890277473402,primary
SUPADIO,Kubu Raya,West Kalimantan,Kalimantan,WIB,2026-08-31 00:00:00+00:00,2026-08-31 12:00:00+00:00,12,86.03802825746243,390.7,0.0,100.18984224890133,23.94269197568761,96.2426711064872,218.32114955673782,primary
SUPADIO,Kubu Raya,West Kalimantan,Kalimantan,WIB,2026-08-31 00:00:00+00:00,2026-09-01 00:00:00+00:00,24,106.63416105671786,390.7,0.0,119.67904450303304,21.310424848518803,159.13783560229328,378.7046582469851,primary
SUPADIO,Kubu Raya,West Kalimantan,Kalimantan,WIB,2026-08-31 00:00:00+00:00,2026-09-02 00:00:00+00:00,48,244.47373903058173,390.7,0.0,82.3485224794728,16.596451327018855,95.24589244243109,364.0331793361964,primary
SUPADIO,Kubu Raya,West Kalimantan,Kalimantan,WIB,2026-08-31 00:00:00+00:00,2026-09-03 00:00:00+00:00,72,145.45346971317483,390.7,0.0,79.7381127320279,14.166704658229303,90.94692071066991,344.38287872678734,primary
TANJUNGHARAPAN2,Tanjung Harapan,North Kalimantan,Kalimantan,WITA,2026-08-31 00:00:00+00:00,2026-08-31 03:00:00+00:00,3,88.19534258464046,61.9,0.0,56.37682183085388,24.13979808582998,59.850876317828096,85.48720433725632,primary
TANJUNGHARAPAN2,Tanjung Harapan,North Kalimantan,Kalimantan,WITA,2026-08-31 00:00:00+00:00,2026-08-31 06:00:00+00:00,6,125.28036563708156,61.9,0.0,68.55942367534716,24.249702346767712,63.026823482758786,94.81183761402654,primary
TANJUNGHARAPAN2,Tanjung Harapan,North Kalimantan,Kalimantan,WITA,2026-08-31 00:00:00+00:00,2026-08-31 12:00:00+00:00,12,91.26598854436452,61.9,0.0,61.713267784221124,23.086751312735007,60.142218642730285,119.10183329306011,primary
TANJUNGHARAPAN2,Tanjung Harapan,North Kalimantan,Kalimantan,WITA,2026-08-31 00:00:00+00:00,2026-09-01 00:00:00+00:00,24,48.85912119334535,61.9,0.0,53.08179117699092,19.41654959065703,55.822751298907654,95.6392289566632,primary
TANJUNGHARAPAN2,Tanjung Harapan,North Kalimantan,Kalimantan,WITA,2026-08-31 00:00:00+00:00,2026-09-02 00:00:00+00:00,48,83.30051315397213,61.9,0.0,45.06863714158064,14.219746134708082,46.69326586745234,101.2518178927869,primary
TANJUNGHARAPAN2,Tanjung Harapan,North Kalimantan,Kalimantan,WITA,2026-08-31 00:00:00+00:00,2026-09-03 00:00:00+00:00,72,91.26183186936032,61.9,0.0,46.23920488732391,14.079193897485858,45.41873433699776,98.58255131744185,primary
