comparison_type,station_code,latitude,longitude,issue_time_utc,forecast_hour,direct_ads_pm25_ug_m3,earth_engine_pm25_ug_m3,absolute_difference_ug_m3,relative_absolute_difference_pct,earth_engine_source_image_id
native_grid,BANJARBARU2,-3.6000000000000005,114.80000000000028,2026-01-01T00:00:00+00:00,6,3.811340132386931,3.811337911940882,2.220446049250313e-06,5.8258931822485035e-05,20260101T00F006
native_grid,BANJARBARU2,-3.6000000000000005,114.80000000000028,2026-01-01T00:00:00+00:00,12,11.619696316245154,11.619701645315672,5.329070518200751e-06,4.586239066119427e-05,20260101T00F012
native_grid,BANJARBARU2,-3.6000000000000005,114.80000000000028,2026-01-01T00:00:00+00:00,24,14.372249168559392,14.372242951310454,6.217248937900877e-06,4.325870547458693e-05,20260101T00F024
native_grid,BANJARBARU2,-3.6000000000000005,114.80000000000028,2026-01-01T00:00:00+00:00,48,7.809807911485223,7.809820345983098,1.2434497875801753e-05,0.0001592164367770863,20260101T00F048
native_grid,BANJARBARU2,-3.6000000000000005,114.80000000000028,2026-01-01T00:00:00+00:00,72,17.025660881131444,17.025650222990407,1.0658141036401503e-05,6.260045416629498e-05,20260101T00F072
native_grid,BATAM2,1.1999999999999993,104.00000000000013,2026-01-01T00:00:00+00:00,6,22.203352045835345,22.203352045835345,0.0,0.0,20260101T00F006
native_grid,BATAM2,1.1999999999999993,104.00000000000013,2026-01-01T00:00:00+00:00,12,16.86267836475963,16.86268191747331,3.552713678800501e-06,2.1068501705073843e-05,20260101T00F012
native_grid,BATAM2,1.1999999999999993,104.00000000000013,2026-01-01T00:00:00+00:00,24,14.838066775268999,14.838074768874776,7.993605777301127e-06,5.387228604890957e-05,20260101T00F024
native_grid,BATAM2,1.1999999999999993,104.00000000000013,2026-01-01T00:00:00+00:00,48,12.480077415943924,12.480075639587085,1.7763568394002505e-06,1.4233540227329565e-05,20260101T00F048
native_grid,BATAM2,1.1999999999999993,104.00000000000013,2026-01-01T00:00:00+00:00,72,11.797757437648215,11.797760102183474,2.6645352591003757e-06,2.258509952575808e-05,20260101T00F072
native_grid,BENGKULU,-4.000000000000001,102.4000000000001,2026-01-01T00:00:00+00:00,6,3.4349887378937183,3.4349918465181872,3.1086244689504383e-06,9.049882564845317e-05,20260101T00F006
native_grid,BENGKULU,-4.000000000000001,102.4000000000001,2026-01-01T00:00:00+00:00,12,3.7292222643259265,3.729223596593556,1.3322676295501878e-06,3.572507979196571e-05,20260101T00F012
native_grid,BENGKULU,-4.000000000000001,102.4000000000001,2026-01-01T00:00:00+00:00,24,2.228615070265505,2.2286128498194557,2.220446049250313e-06,9.963344854281099e-05,20260101T00F024
native_grid,BENGKULU,-4.000000000000001,102.4000000000001,2026-01-01T00:00:00+00:00,48,2.8680899877286947,2.8680811059444977,8.881784197001252e-06,0.0003096759249187623,20260101T00F048
native_grid,BENGKULU,-4.000000000000001,102.4000000000001,2026-01-01T00:00:00+00:00,72,19.643122683987713,19.643119131274034,3.552713678800501e-06,1.80862978659525e-05,20260101T00F072
native_grid,INDRAPURI2,5.6,95.60000000000001,2026-01-01T00:00:00+00:00,6,5.431260330368559,5.431261662636189,1.3322676295501878e-06,2.4529622012424906e-05,20260101T00F006
native_grid,INDRAPURI2,5.6,95.60000000000001,2026-01-01T00:00:00+00:00,12,8.470030898877212,8.47003622794773,5.329070518200751e-06,6.291677777594854e-05,20260101T00F012
native_grid,INDRAPURI2,5.6,95.60000000000001,2026-01-01T00:00:00+00:00,24,22.508038099999794,22.508041652713473,3.552713678800501e-06,1.5784199684647476e-05,20260101T00F024
native_grid,INDRAPURI2,5.6,95.60000000000001,2026-01-01T00:00:00+00:00,48,19.156308539436395,19.156306763079556,1.7763568394002505e-06,9.272960057744577e-06,20260101T00F048
native_grid,INDRAPURI2,5.6,95.60000000000001,2026-01-01T00:00:00+00:00,72,20.301362368968512,20.30136592168219,3.552713678800501e-06,1.749987815709833e-05,20260101T00F072
native_grid,JAMBI3,-1.600000000000001,103.60000000000012,2026-01-01T00:00:00+00:00,6,14.737445042101172,14.737438824852234,6.217248937900877e-06,4.2186748925202174e-05,20260101T00F006
native_grid,JAMBI3,-1.600000000000001,103.60000000000012,2026-01-01T00:00:00+00:00,12,18.100241305774034,18.100234200346677,7.105427357601002e-06,3.925598138481363e-05,20260101T00F012
native_grid,JAMBI3,-1.600000000000001,103.60000000000012,2026-01-01T00:00:00+00:00,24,3.411452009771665,3.4114391311845793,1.2878587085651816e-05,0.0003775104280746955,20260101T00F024
native_grid,JAMBI3,-1.600000000000001,103.60000000000012,2026-01-01T00:00:00+00:00,48,10.351135060204797,10.351147494702673,1.2434497875801753e-05,0.00012012690205933548,20260101T00F048
native_grid,JAMBI3,-1.600000000000001,103.60000000000012,2026-01-01T00:00:00+00:00,72,17.19017284074198,17.190183498883016,1.0658141036401503e-05,6.200136051652094e-05,20260101T00F072
native_grid,JAMBI4,-1.600000000000001,103.60000000000012,2026-01-01T00:00:00+00:00,6,14.737445042101172,14.737438824852234,6.217248937900877e-06,4.2186748925202174e-05,20260101T00F006
native_grid,JAMBI4,-1.600000000000001,103.60000000000012,2026-01-01T00:00:00+00:00,12,18.100241305774034,18.100234200346677,7.105427357601002e-06,3.925598138481363e-05,20260101T00F012
native_grid,JAMBI4,-1.600000000000001,103.60000000000012,2026-01-01T00:00:00+00:00,24,3.411452009771665,3.4114391311845793,1.2878587085651816e-05,0.0003775104280746955,20260101T00F024
native_grid,JAMBI4,-1.600000000000001,103.60000000000012,2026-01-01T00:00:00+00:00,48,10.351135060204797,10.351147494702673,1.2434497875801753e-05,0.00012012690205933548,20260101T00F048
native_grid,JAMBI4,-1.600000000000001,103.60000000000012,2026-01-01T00:00:00+00:00,72,17.19017284074198,17.190183498883016,1.0658141036401503e-05,6.200136051652094e-05,20260101T00F072
native_grid,KOTABARU,-3.2000000000000006,116.0000000000003,2026-01-01T00:00:00+00:00,6,4.0876630968966765,4.087667981877985,4.884981308350689e-06,0.00011950547764220907,20260101T00F006
native_grid,KOTABARU,-3.2000000000000006,116.0000000000003,2026-01-01T00:00:00+00:00,12,6.906122784755553,6.906117011595825,5.773159728050814e-06,8.35948028725232e-05,20260101T00F012
native_grid,KOTABARU,-3.2000000000000006,116.0000000000003,2026-01-01T00:00:00+00:00,24,16.975894467918806,16.975898020632485,3.552713678800501e-06,2.092799107295613e-05,20260101T00F024
native_grid,KOTABARU,-3.2000000000000006,116.0000000000003,2026-01-01T00:00:00+00:00,48,6.242940830958332,6.2429315050849254,9.325873406851315e-06,0.00014938269734361285,20260101T00F048
native_grid,KOTABARU,-3.2000000000000006,116.0000000000003,2026-01-01T00:00:00+00:00,72,16.941333669251435,16.9413230111104,1.0658141036401503e-05,6.291205429561933e-05,20260101T00F072
native_grid,KOTOTABANG2,-0.4000000000000008,100.40000000000008,2026-01-01T00:00:00+00:00,6,3.3234246465951855,3.3234224261491363,2.220446049250313e-06,6.68119871929438e-05,20260101T00F006
native_grid,KOTOTABANG2,-0.4000000000000008,100.40000000000008,2026-01-01T00:00:00+00:00,12,14.758856359264882,14.758851030194364,5.329070518200751e-06,3.6107611514596954e-05,20260101T00F012
native_grid,KOTOTABANG2,-0.4000000000000008,100.40000000000008,2026-01-01T00:00:00+00:00,24,5.74162717370541,5.741621400545682,5.773159728050814e-06,0.00010054919195188798,20260101T00F024
native_grid,KOTOTABANG2,-0.4000000000000008,100.40000000000008,2026-01-01T00:00:00+00:00,48,33.09760643332993,33.09760998604361,3.552713678800501e-06,1.0734050167515588e-05,20260101T00F048
native_grid,KOTOTABANG2,-0.4000000000000008,100.40000000000008,2026-01-01T00:00:00+00:00,72,21.421369567065085,21.42138022520612,1.0658141036401503e-05,4.975471340911916e-05,20260101T00F072
native_grid,MEDAN2,3.5999999999999988,98.80000000000005,2026-01-01T00:00:00+00:00,6,14.250920443714676,14.250916002822578,4.440892098500626e-06,3.116214223523553e-05,20260101T00F006
native_grid,MEDAN2,3.5999999999999988,98.80000000000005,2026-01-01T00:00:00+00:00,12,29.163796710918177,29.163796710918177,0.0,0.0,20260101T00F012
native_grid,MEDAN2,3.5999999999999988,98.80000000000005,2026-01-01T00:00:00+00:00,24,19.197129219605813,19.19713987774685,1.0658141036401503e-05,5.5519452489367334e-05,20260101T00F024
native_grid,MEDAN2,3.5999999999999988,98.80000000000005,2026-01-01T00:00:00+00:00,48,46.86578591872603,46.86579657686707,1.0658141036401503e-05,2.2741837840689786e-05,20260101T00F048
native_grid,MEDAN2,3.5999999999999988,98.80000000000005,2026-01-01T00:00:00+00:00,72,44.21829657985654,44.218289474429184,7.105427357601002e-06,1.6068975757057655e-05,20260101T00F072
native_grid,PALANGKARAYA2,-2.400000000000001,114.00000000000027,2026-01-01T00:00:00+00:00,6,3.106925827722762,3.1069200545630338,5.773159728050814e-06,0.0001858158207877876,20260101T00F006
native_grid,PALANGKARAYA2,-2.400000000000001,114.00000000000027,2026-01-01T00:00:00+00:00,12,4.5077426236161955,4.507736850456467,5.773159728050814e-06,0.0001280720797546218,20260101T00F012
native_grid,PALANGKARAYA2,-2.400000000000001,114.00000000000027,2026-01-01T00:00:00+00:00,24,5.561941573972717,5.561939353526668,2.220446049250313e-06,3.992213905376067e-05,20260101T00F024
native_grid,PALANGKARAYA2,-2.400000000000001,114.00000000000027,2026-01-01T00:00:00+00:00,48,6.0373950283576505,6.037385702484244,9.325873406851315e-06,0.0001544684978048923,20260101T00F048
native_grid,PALANGKARAYA2,-2.400000000000001,114.00000000000027,2026-01-01T00:00:00+00:00,72,9.632861619479627,9.63285007316017,1.1546319456101628e-05,0.00011986385678740154,20260101T00F072
native_grid,PALEMBANG3,-3.2000000000000006,104.80000000000014,2026-01-01T00:00:00+00:00,6,11.618283224379411,11.61828411255783,8.881784197001252e-07,7.644661457696279e-06,20260101T00F006
native_grid,PALEMBANG3,-3.2000000000000006,104.80000000000014,2026-01-01T00:00:00+00:00,12,17.124158091519348,17.124161644233027,3.552713678800501e-06,2.074679327189793e-05,20260101T00F012
native_grid,PALEMBANG3,-3.2000000000000006,104.80000000000014,2026-01-01T00:00:00+00:00,24,5.097037014678563,5.09704545237355,8.43769498715119e-06,0.00016554117544864054,20260101T00F024
native_grid,PALEMBANG3,-3.2000000000000006,104.80000000000014,2026-01-01T00:00:00+00:00,48,6.125459695027757,6.125464580009066,4.884981308350689e-06,7.974881154333597e-05,20260101T00F048
native_grid,PALEMBANG3,-3.2000000000000006,104.80000000000014,2026-01-01T00:00:00+00:00,72,14.063322950619295,14.063311404299839,1.1546319456101628e-05,8.21023558702616e-05,20260101T00F072
native_grid,PALEMBANG4,-2.8000000000000007,104.80000000000014,2026-01-01T00:00:00+00:00,6,10.044809428677581,10.04481564592652,6.217248937900877e-06,6.189514078933989e-05,20260101T00F006
native_grid,PALEMBANG4,-2.8000000000000007,104.80000000000014,2026-01-01T00:00:00+00:00,12,14.053855856843711,14.053850527773193,5.329070518200751e-06,3.791892113085598e-05,20260101T00F012
native_grid,PALEMBANG4,-2.8000000000000007,104.80000000000014,2026-01-01T00:00:00+00:00,24,3.3780529484772615,3.3780436226038546,9.325873406851315e-06,0.0002760724461425383,20260101T00F024
native_grid,PALEMBANG4,-2.8000000000000007,104.80000000000014,2026-01-01T00:00:00+00:00,48,6.505934013745218,6.505946004153884,1.199040866595169e-05,0.00018429957390621104,20260101T00F048
native_grid,PALEMBANG4,-2.8000000000000007,104.80000000000014,2026-01-01T00:00:00+00:00,72,11.502633512350258,11.50262907145816,4.440892098500626e-06,3.860761184586544e-05,20260101T00F072
native_grid,PANGKALANBUN2,-2.8000000000000007,111.60000000000024,2026-01-01T00:00:00+00:00,6,2.371935092781996,2.371934648692786,4.440892098500626e-07,1.872265439309299e-05,20260101T00F006
native_grid,PANGKALANBUN2,-2.8000000000000007,111.60000000000024,2026-01-01T00:00:00+00:00,12,5.775286915365996,5.775288247633625,1.3322676295501878e-06,2.3068423250202427e-05,20260101T00F012
native_grid,PANGKALANBUN2,-2.8000000000000007,111.60000000000024,2026-01-01T00:00:00+00:00,24,4.861541835765593,4.861543168033222,1.3322676295501878e-06,2.7404220195101604e-05,20260101T00F024
native_grid,PANGKALANBUN2,-2.8000000000000007,111.60000000000024,2026-01-01T00:00:00+00:00,48,6.109039052404341,6.109036831958292,2.220446049250313e-06,3.6346895644355224e-05,20260101T00F048
native_grid,PANGKALANBUN2,-2.8000000000000007,111.60000000000024,2026-01-01T00:00:00+00:00,72,5.105859290921444,5.105868616794851,9.325873406851315e-06,0.00018265041936101404,20260101T00F072
native_grid,PEKANBARU2,0.39999999999999925,101.6000000000001,2026-01-01T00:00:00+00:00,6,14.994670394230525,14.994668617873685,1.7763568394002505e-06,1.1846588105622759e-05,20260101T00F006
native_grid,PEKANBARU2,0.39999999999999925,101.6000000000001,2026-01-01T00:00:00+00:00,12,12.921367975593512,12.92137330466403,5.329070518200751e-06,4.124230908264938e-05,20260101T00F012
native_grid,PEKANBARU2,0.39999999999999925,101.6000000000001,2026-01-01T00:00:00+00:00,24,8.54766746272162,8.54766835090004,8.881784197001252e-07,1.0390886444444399e-05,20260101T00F024
native_grid,PEKANBARU2,0.39999999999999925,101.6000000000001,2026-01-01T00:00:00+00:00,48,11.288483037219521,11.288495471717397,1.2434497875801753e-05,0.00011015207122873534,20260101T00F048
native_grid,PEKANBARU2,0.39999999999999925,101.6000000000001,2026-01-01T00:00:00+00:00,72,56.8853337767905,56.8853337767905,0.0,0.0,20260101T00F072
native_grid,PESAWARAN,-5.200000000000002,105.20000000000014,2026-01-01T00:00:00+00:00,6,10.256943738795599,10.25694107426034,2.6645352591003757e-06,2.5977867549590884e-05,20260101T00F006
native_grid,PESAWARAN,-5.200000000000002,105.20000000000014,2026-01-01T00:00:00+00:00,12,41.988766241729536,41.988766241729536,0.0,0.0,20260101T00F012
native_grid,PESAWARAN,-5.200000000000002,105.20000000000014,2026-01-01T00:00:00+00:00,24,26.86704014820407,26.867050806345105,1.0658141036401503e-05,3.966994867171458e-05,20260101T00F024
native_grid,PESAWARAN,-5.200000000000002,105.20000000000014,2026-01-01T00:00:00+00:00,48,18.47424435652556,18.47424258016872,1.7763568394002505e-06,9.615315274168695e-06,20260101T00F048
native_grid,PESAWARAN,-5.200000000000002,105.20000000000014,2026-01-01T00:00:00+00:00,72,24.515946606129546,24.51593594798851,1.0658141036401503e-05,4.347431982796342e-05,20260101T00F072
native_grid,PONTIANAK2,-7.771561172376096e-16,109.2000000000002,2026-01-01T00:00:00+00:00,6,6.854289136271063,6.854294021252372,4.884981308350689e-06,7.126897058515777e-05,20260101T00F006
native_grid,PONTIANAK2,-7.771561172376096e-16,109.2000000000002,2026-01-01T00:00:00+00:00,12,14.841829987233268,14.841828210876429,1.7763568394002505e-06,1.1968583664738427e-05,20260101T00F012
native_grid,PONTIANAK2,-7.771561172376096e-16,109.2000000000002,2026-01-01T00:00:00+00:00,24,24.43152347098021,24.431537681834925,1.4210854715202004e-05,5.816606046725523e-05,20260101T00F024
native_grid,PONTIANAK2,-7.771561172376096e-16,109.2000000000002,2026-01-01T00:00:00+00:00,48,15.011741183457161,15.011739407100322,1.7763568394002505e-06,1.1833116609802625e-05,20260101T00F048
native_grid,PONTIANAK2,-7.771561172376096e-16,109.2000000000002,2026-01-01T00:00:00+00:00,72,20.142662648936493,20.142659096222815,3.552713678800501e-06,1.7637755944783595e-05,20260101T00F072
native_grid,SAMARINDA2,-0.4000000000000008,117.20000000000032,2026-01-01T00:00:00+00:00,6,7.772300136821286,7.772301024999706,8.881784197001252e-07,1.1427484838013117e-05,20260101T00F006
native_grid,SAMARINDA2,-0.4000000000000008,117.20000000000032,2026-01-01T00:00:00+00:00,12,12.28801504993271,12.288009720862192,5.329070518200751e-06,4.3368033783698314e-05,20260101T00F012
native_grid,SAMARINDA2,-0.4000000000000008,117.20000000000032,2026-01-01T00:00:00+00:00,24,10.24479523437094,10.244785464408324,9.769962616701378e-06,9.53651331548676e-05,20260101T00F024
native_grid,SAMARINDA2,-0.4000000000000008,117.20000000000032,2026-01-01T00:00:00+00:00,48,7.938963264564336,7.938968593634854,5.329070518200751e-06,6.712552181702522e-05,20260101T00F048
native_grid,SAMARINDA2,-0.4000000000000008,117.20000000000032,2026-01-01T00:00:00+00:00,72,10.649513271232536,10.649523041195152,9.769962616701378e-06,9.17409309502709e-05,20260101T00F072
native_grid,SINTANG,-7.771561172376096e-16,111.60000000000024,2026-01-01T00:00:00+00:00,6,2.7025186533080614,2.7025217619325304,3.1086244689504383e-06,0.00011502693848737275,20260101T00F006
native_grid,SINTANG,-7.771561172376096e-16,111.60000000000024,2026-01-01T00:00:00+00:00,12,5.724451135336039,5.724456020317348,4.884981308350689e-06,8.533536565971453e-05,20260101T00F012
native_grid,SINTANG,-7.771561172376096e-16,111.60000000000024,2026-01-01T00:00:00+00:00,24,6.185322032337126,6.185312706463719,9.325873406851315e-06,0.00015077425812423756,20260101T00F024
native_grid,SINTANG,-7.771561172376096e-16,111.60000000000024,2026-01-01T00:00:00+00:00,48,7.238603050296888,7.238600829850839,2.220446049250313e-06,3.067506304492332e-05,20260101T00F048
native_grid,SINTANG,-7.771561172376096e-16,111.60000000000024,2026-01-01T00:00:00+00:00,72,8.61084537007173,8.610862245461703,1.687538997430238e-05,0.00019597831860917282,20260101T00F072
native_grid,SUPADIO,-7.771561172376096e-16,109.60000000000021,2026-01-01T00:00:00+00:00,6,7.325867468210845,7.325867024121635,4.440892098500626e-07,6.061933440334541e-06,20260101T00F006
native_grid,SUPADIO,-7.771561172376096e-16,109.60000000000021,2026-01-01T00:00:00+00:00,12,19.2449682856477,19.244961180220344,7.105427357601002e-06,3.692096163598258e-05,20260101T00F012
native_grid,SUPADIO,-7.771561172376096e-16,109.60000000000021,2026-01-01T00:00:00+00:00,24,34.94978528806314,34.94978884077682,3.552713678800501e-06,1.0165194577071998e-05,20260101T00F024
native_grid,SUPADIO,-7.771561172376096e-16,109.60000000000021,2026-01-01T00:00:00+00:00,48,23.081360822629904,23.08134483541835,1.5987211554602254e-05,6.926459699433208e-05,20260101T00F048
native_grid,SUPADIO,-7.771561172376096e-16,109.60000000000021,2026-01-01T00:00:00+00:00,72,20.700154479413868,20.70015092670019,3.552713678800501e-06,1.7162739931886235e-05,20260101T00F072
native_grid,TANJUNGHARAPAN2,2.799999999999999,117.20000000000032,2026-01-01T00:00:00+00:00,6,4.036061707068939,4.036068368407086,6.661338147750939e-06,0.00016504549809245915,20260101T00F006
native_grid,TANJUNGHARAPAN2,2.799999999999999,117.20000000000032,2026-01-01T00:00:00+00:00,12,5.752389675706127,5.752394560687435,4.884981308350689e-06,8.49209038981011e-05,20260101T00F012
native_grid,TANJUNGHARAPAN2,2.799999999999999,117.20000000000032,2026-01-01T00:00:00+00:00,24,3.5256468855493495,3.5256375596759426,9.325873406851315e-06,0.00026451524243892625,20260101T00F024
native_grid,TANJUNGHARAPAN2,2.799999999999999,117.20000000000032,2026-01-01T00:00:00+00:00,48,0.7752929409576836,0.775305264433257,1.2323475573339238e-05,0.001589525058504546,20260101T00F048
native_grid,TANJUNGHARAPAN2,2.799999999999999,117.20000000000032,2026-01-01T00:00:00+00:00,72,1.3032193102446854,1.303214425263377,4.884981308350689e-06,0.00037483954311830377,20260101T00F072
station_bilinear,BANJARBARU2,-3.475,114.856,2026-01-01T00:00:00+00:00,6,4.228460663835227,4.306090151118269,0.07762948728304231,1.8358805592537337,20260101T00F006
station_bilinear,BANJARBARU2,-3.475,114.856,2026-01-01T00:00:00+00:00,12,11.741218641782014,11.81557784946108,0.07435920767906623,0.6333176303731656,20260101T00F012
station_bilinear,BANJARBARU2,-3.475,114.856,2026-01-01T00:00:00+00:00,24,16.706931043052528,17.120200368481164,0.4132693254286366,2.4736399783040466,20260101T00F024
station_bilinear,BANJARBARU2,-3.475,114.856,2026-01-01T00:00:00+00:00,48,8.125471371302465,8.268524531729327,0.14305316042686123,1.7605521438681857,20260101T00F048
station_bilinear,BANJARBARU2,-3.475,114.856,2026-01-01T00:00:00+00:00,72,17.863650425554507,18.04752081113748,0.1838703855829742,1.0292990581585828,20260101T00F072
station_bilinear,BATAM2,1.124,104.126,2026-01-01T00:00:00+00:00,6,21.55518996573899,21.55851497320782,0.0033250074688311315,0.015425554004005913,20260101T00F006
station_bilinear,BATAM2,1.124,104.126,2026-01-01T00:00:00+00:00,12,16.45686279512247,16.451469520006867,0.0053932751156011705,0.03277219469314434,20260101T00F012
station_bilinear,BATAM2,1.124,104.126,2026-01-01T00:00:00+00:00,24,13.766423744954693,13.758758576898344,0.007665168056348648,0.05568016936248881,20260101T00F024
station_bilinear,BATAM2,1.124,104.126,2026-01-01T00:00:00+00:00,48,12.063013249985701,12.060492160514968,0.002521089470732818,0.020899334341158968,20260101T00F048
station_bilinear,BATAM2,1.124,104.126,2026-01-01T00:00:00+00:00,72,11.275113208242605,11.275023581447384,8.962679522106498e-05,0.0007949081624789705,20260101T00F072
station_bilinear,BENGKULU,-3.865,102.312,2026-01-01T00:00:00+00:00,6,3.4072036885214785,3.367355505545788,0.03984818297569026,1.1695274664656745,20260101T00F006
station_bilinear,BENGKULU,-3.865,102.312,2026-01-01T00:00:00+00:00,12,4.880735271050945,5.052341656153203,0.17160638510225823,3.515994528941273,20260101T00F012
station_bilinear,BENGKULU,-3.865,102.312,2026-01-01T00:00:00+00:00,24,2.622687753195542,2.633653739536612,0.010965986341070266,0.4181201642364426,20260101T00F024
station_bilinear,BENGKULU,-3.865,102.312,2026-01-01T00:00:00+00:00,48,4.238009652157468,4.452534785315265,0.21452513315779687,5.061931207461675,20260101T00F048
station_bilinear,BENGKULU,-3.865,102.312,2026-01-01T00:00:00+00:00,72,17.78705642152371,17.87281078691194,0.08575436538822956,0.482116677183641,20260101T00F072
station_bilinear,INDRAPURI2,5.404,95.475,2026-01-01T00:00:00+00:00,6,4.61954171360191,4.503363459917864,0.11617825368404588,2.5149302871747503,20260101T00F006
station_bilinear,INDRAPURI2,5.404,95.475,2026-01-01T00:00:00+00:00,12,8.056892584207246,7.981702410120306,0.07519017408693962,0.9332403690515122,20260101T00F012
station_bilinear,INDRAPURI2,5.404,95.475,2026-01-01T00:00:00+00:00,24,21.454765273265487,21.011265616266428,0.4434996569990588,2.0671382387562085,20260101T00F024
station_bilinear,INDRAPURI2,5.404,95.475,2026-01-01T00:00:00+00:00,48,21.56845002598818,21.886741308208,0.3182912822198176,1.4757262660798676,20260101T00F048
station_bilinear,INDRAPURI2,5.404,95.475,2026-01-01T00:00:00+00:00,72,26.415894349707347,26.729749080800502,0.313854731093155,1.1881283553688655,20260101T00F072
station_bilinear,JAMBI3,-1.63,103.64,2026-01-01T00:00:00+00:00,6,14.621321633434476,14.65913701537147,0.037815381936994186,0.25863176315417347,20260101T00F006
station_bilinear,JAMBI3,-1.63,103.64,2026-01-01T00:00:00+00:00,12,18.160840600245702,18.12484029528605,0.03600030495965356,0.19823038895659106,20260101T00F012
station_bilinear,JAMBI3,-1.63,103.64,2026-01-01T00:00:00+00:00,24,3.3543130140147466,3.3570264346138856,0.002713420599139038,0.08089348214677705,20260101T00F024
station_bilinear,JAMBI3,-1.63,103.64,2026-01-01T00:00:00+00:00,48,10.334562275948668,10.3579385068997,0.023376230951031474,0.22619468853010163,20260101T00F048
station_bilinear,JAMBI3,-1.63,103.64,2026-01-01T00:00:00+00:00,72,16.634512913784143,16.656077406196346,0.02156449241220315,0.12963705354025604,20260101T00F072
station_bilinear,JAMBI4,-1.601043,103.494413,2026-01-01T00:00:00+00:00,6,14.2692333375782,14.27525475605762,0.006021418479420504,0.042198612475997745,20260101T00F006
station_bilinear,JAMBI4,-1.601043,103.494413,2026-01-01T00:00:00+00:00,12,17.685775009114817,17.608687841175197,0.07708716793962012,0.43587102007060063,20260101T00F012
station_bilinear,JAMBI4,-1.601043,103.494413,2026-01-01T00:00:00+00:00,24,3.174797878125345,3.228780132147336,0.05398225402199097,1.700336717305179,20260101T00F024
station_bilinear,JAMBI4,-1.601043,103.494413,2026-01-01T00:00:00+00:00,48,9.865799889045219,9.89443993404393,0.028640044998711645,0.2902962285958482,20260101T00F048
station_bilinear,JAMBI4,-1.601043,103.494413,2026-01-01T00:00:00+00:00,72,17.427410849654894,17.380637373776153,0.04677347587874081,0.26839027485065026,20260101T00F072
station_bilinear,KOTABARU,-3.3,116.17,2026-01-01T00:00:00+00:00,6,3.663822301103529,3.710889595609501,0.047067294505972246,1.284650035887269,20260101T00F006
station_bilinear,KOTABARU,-3.3,116.17,2026-01-01T00:00:00+00:00,12,5.302083240512187,5.374868550234169,0.07278530972198194,1.3727681445255997,20260101T00F012
station_bilinear,KOTABARU,-3.3,116.17,2026-01-01T00:00:00+00:00,24,13.474557425400969,13.63351387340117,0.15895644800020214,1.1796784338204118,20260101T00F024
station_bilinear,KOTABARU,-3.3,116.17,2026-01-01T00:00:00+00:00,48,4.873276926443751,5.006602243895486,0.13332531745173526,2.7358452939186595,20260101T00F048
station_bilinear,KOTABARU,-3.3,116.17,2026-01-01T00:00:00+00:00,72,13.063481407731006,13.256347131118671,0.1928657233876656,1.4763730843871918,20260101T00F072
station_bilinear,KOTOTABANG2,-0.251,100.382,2026-01-01T00:00:00+00:00,6,3.9476973949347816,3.968392725539616,0.020695330604834528,0.5242380186330474,20260101T00F006
station_bilinear,KOTOTABANG2,-0.251,100.382,2026-01-01T00:00:00+00:00,12,14.852571833699988,14.878957621533573,0.026385787833584473,0.17765130597595227,20260101T00F012
station_bilinear,KOTOTABANG2,-0.251,100.382,2026-01-01T00:00:00+00:00,24,8.236768455576817,8.327183387280002,0.09041493170318482,1.0976990817553958,20260101T00F024
station_bilinear,KOTOTABANG2,-0.251,100.382,2026-01-01T00:00:00+00:00,48,30.045414893485955,29.96679526745538,0.07861962603057293,0.26166929732635574,20260101T00F048
station_bilinear,KOTOTABANG2,-0.251,100.382,2026-01-01T00:00:00+00:00,72,20.36427861495958,20.321548888091456,0.042729726868124374,0.20982686239980608,20260101T00F072
station_bilinear,MEDAN2,3.59,98.85,2026-01-01T00:00:00+00:00,6,13.887486316477563,13.57593681916569,0.31154949731187287,2.243382929149806,20260101T00F006
station_bilinear,MEDAN2,3.59,98.85,2026-01-01T00:00:00+00:00,12,27.0619347819714,26.889326321111184,0.1726084608602143,0.637827495524103,20260101T00F012
station_bilinear,MEDAN2,3.59,98.85,2026-01-01T00:00:00+00:00,24,18.160961007264344,18.357594555595824,0.19663354833148006,1.0827265597499331,20260101T00F024
station_bilinear,MEDAN2,3.59,98.85,2026-01-01T00:00:00+00:00,48,43.730986099003346,43.302755159402295,0.4282309396010504,0.9792391569482812,20260101T00F048
station_bilinear,MEDAN2,3.59,98.85,2026-01-01T00:00:00+00:00,72,40.91770465231383,40.272251311535,0.645453340778829,1.5774426895725921,20260101T00F072
station_bilinear,PALANGKARAYA2,-2.22611,113.945,2026-01-01T00:00:00+00:00,6,3.313142714953391,3.3309950353555,0.017852320402108823,0.5388334260862037,20260101T00F006
station_bilinear,PALANGKARAYA2,-2.22611,113.945,2026-01-01T00:00:00+00:00,12,4.813061807762746,4.83998841005473,0.026926602291983848,0.5594485042464088,20260101T00F012
station_bilinear,PALANGKARAYA2,-2.22611,113.945,2026-01-01T00:00:00+00:00,24,6.44356427702781,6.504323746270302,0.06075946924249198,0.9429481360045995,20260101T00F024
station_bilinear,PALANGKARAYA2,-2.22611,113.945,2026-01-01T00:00:00+00:00,48,6.238301493674739,6.253098927544443,0.014797433869703447,0.23720292910990518,20260101T00F048
station_bilinear,PALANGKARAYA2,-2.22611,113.945,2026-01-01T00:00:00+00:00,72,9.679864344428532,9.692402436201064,0.012538091772531956,0.129527556651644,20260101T00F072
station_bilinear,PALEMBANG3,-3.031,104.72,2026-01-01T00:00:00+00:00,6,10.995005093050807,10.91147527887415,0.08352981417665717,0.7597069166384531,20260101T00F006
station_bilinear,PALEMBANG3,-3.031,104.72,2026-01-01T00:00:00+00:00,12,15.897919910301658,15.755894366975554,0.1420255433261044,0.8933592830221366,20260101T00F012
station_bilinear,PALEMBANG3,-3.031,104.72,2026-01-01T00:00:00+00:00,24,4.149615534742747,4.043851475898919,0.10576405884382822,2.548767661927143,20260101T00F024
station_bilinear,PALEMBANG3,-3.031,104.72,2026-01-01T00:00:00+00:00,48,5.880637096499624,5.909310818452696,0.02867372195307194,0.487595501687047,20260101T00F048
station_bilinear,PALEMBANG3,-3.031,104.72,2026-01-01T00:00:00+00:00,72,13.032789951239552,12.892417800003386,0.14037215123616598,1.077069083146047,20260101T00F072
station_bilinear,PALEMBANG4,-2.94,104.7,2026-01-01T00:00:00+00:00,6,10.693551399931907,10.615150536352758,0.07840086357914977,0.7331602069977332,20260101T00F006
station_bilinear,PALEMBANG4,-2.94,104.7,2026-01-01T00:00:00+00:00,12,15.40425179635855,15.276610199066454,0.12764159729209545,0.8286127686011272,20260101T00F012
station_bilinear,PALEMBANG4,-2.94,104.7,2026-01-01T00:00:00+00:00,24,3.7281514320138722,3.633613410158887,0.09453802185498539,2.535788140019781,20260101T00F024
station_bilinear,PALEMBANG4,-2.94,104.7,2026-01-01T00:00:00+00:00,48,5.9534366575458755,5.995026253202695,0.041589595656819967,0.6985813077242686,20260101T00F048
station_bilinear,PALEMBANG4,-2.94,104.7,2026-01-01T00:00:00+00:00,72,12.52046475386253,12.38809677062136,0.1323679832411706,1.057213017594538,20260101T00F072
station_bilinear,PANGKALANBUN2,-2.704,111.676,2026-01-01T00:00:00+00:00,6,2.5196413503182367,2.5569062422903244,0.03726489197208771,1.4789760442445932,20260101T00F006
station_bilinear,PANGKALANBUN2,-2.704,111.676,2026-01-01T00:00:00+00:00,12,6.3112701070619295,6.418829023857597,0.10755891679566787,1.7042356763548425,20260101T00F012
station_bilinear,PANGKALANBUN2,-2.704,111.676,2026-01-01T00:00:00+00:00,24,5.288757584054392,5.386577406341075,0.09781982228668351,1.849580373689472,20260101T00F024
station_bilinear,PANGKALANBUN2,-2.704,111.676,2026-01-01T00:00:00+00:00,48,6.032935792887956,6.032085941853893,0.0008498510340633203,0.014086856933985337,20260101T00F048
station_bilinear,PANGKALANBUN2,-2.704,111.676,2026-01-01T00:00:00+00:00,72,5.4227294363324985,5.473303144043484,0.050573707710985794,0.9326245814910105,20260101T00F072
station_bilinear,PEKANBARU2,0.46667,101.4666,2026-01-01T00:00:00+00:00,6,14.225764521761837,14.246928081718124,0.02116355995628716,0.1487692272982042,20260101T00F006
station_bilinear,PEKANBARU2,0.46667,101.4666,2026-01-01T00:00:00+00:00,12,12.787586871044395,12.7882362477294,0.0006493766850041993,0.005078180047203566,20260101T00F012
station_bilinear,PEKANBARU2,0.46667,101.4666,2026-01-01T00:00:00+00:00,24,9.458261201101944,9.426013747315665,0.03224745378627958,0.34094484282716314,20260101T00F024
station_bilinear,PEKANBARU2,0.46667,101.4666,2026-01-01T00:00:00+00:00,48,11.397310895560125,11.388190834793477,0.009120060766647953,0.08001940852732828,20260101T00F048
station_bilinear,PEKANBARU2,0.46667,101.4666,2026-01-01T00:00:00+00:00,72,42.77205448154234,43.14563639695734,0.3735819154150022,0.8734252304298734,20260101T00F072
station_bilinear,PESAWARAN,-5.17,105.178,2026-01-01T00:00:00+00:00,6,10.173861612948931,10.2179589234197,0.044097310470768036,0.4334372940029235,20260101T00F006
station_bilinear,PESAWARAN,-5.17,105.178,2026-01-01T00:00:00+00:00,12,40.13581389816296,38.91848976422807,1.2173241339348877,3.0330122045702566,20260101T00F012
station_bilinear,PESAWARAN,-5.17,105.178,2026-01-01T00:00:00+00:00,24,26.93005529974575,26.96098100329891,0.030925703553162265,0.11483713348874645,20260101T00F024
station_bilinear,PESAWARAN,-5.17,105.178,2026-01-01T00:00:00+00:00,48,17.94355373263502,17.46216149456359,0.4813922380714324,2.682814370243144,20260101T00F048
station_bilinear,PESAWARAN,-5.17,105.178,2026-01-01T00:00:00+00:00,72,23.825325944136292,23.334912668815377,0.4904132753209147,2.05836963771575,20260101T00F072
station_bilinear,PONTIANAK2,0.0753,109.1908,2026-01-01T00:00:00+00:00,6,6.904868438544478,6.895258142236571,0.009610296307906552,0.1391814542658016,20260101T00F006
station_bilinear,PONTIANAK2,0.0753,109.1908,2026-01-01T00:00:00+00:00,12,14.179518970368026,14.088059607786365,0.0914593625816611,0.6450103333744283,20260101T00F012
station_bilinear,PONTIANAK2,0.0753,109.1908,2026-01-01T00:00:00+00:00,24,23.005788978775612,22.84173028499481,0.1640586937808024,0.7131191802730937,20260101T00F024
station_bilinear,PONTIANAK2,0.0753,109.1908,2026-01-01T00:00:00+00:00,48,14.203510249944713,14.13018591023274,0.07332433971197361,0.5162409743905315,20260101T00F048
station_bilinear,PONTIANAK2,0.0753,109.1908,2026-01-01T00:00:00+00:00,72,18.997340116733916,18.839012128069044,0.15832798866487252,0.8334218774417183,20260101T00F072
station_bilinear,SAMARINDA2,-0.4825,117.1563,2026-01-01T00:00:00+00:00,6,7.53004073070751,7.527116707706227,0.002924023001282805,0.038831436719308006,20260101T00F006
station_bilinear,SAMARINDA2,-0.4825,117.1563,2026-01-01T00:00:00+00:00,12,11.279142494803391,11.262357269004042,0.01678522579934949,0.14881650628213006,20260101T00F012
station_bilinear,SAMARINDA2,-0.4825,117.1563,2026-01-01T00:00:00+00:00,24,9.692710368250117,9.678144508029618,0.01456586022049855,0.15027644144006558,20260101T00F024
station_bilinear,SAMARINDA2,-0.4825,117.1563,2026-01-01T00:00:00+00:00,48,6.825661147218697,6.829576904010537,0.003915756791839975,0.0573681685536874,20260101T00F048
station_bilinear,SAMARINDA2,-0.4825,117.1563,2026-01-01T00:00:00+00:00,72,9.850777844057339,9.853294180572902,0.0025163365155638218,0.025544546384038573,20260101T00F072
station_bilinear,SINTANG,0.066,111.477,2026-01-01T00:00:00+00:00,6,2.616795349985593,2.6139537201430585,0.0028416298425346653,0.1085919784499124,20260101T00F006
station_bilinear,SINTANG,0.066,111.477,2026-01-01T00:00:00+00:00,12,5.600603697090104,5.577667661071928,0.02293603601817651,0.40952792339321104,20260101T00F012
station_bilinear,SINTANG,0.066,111.477,2026-01-01T00:00:00+00:00,24,6.001880603090547,5.987747186964043,0.014133416126504095,0.23548312705898178,20260101T00F024
station_bilinear,SINTANG,0.066,111.477,2026-01-01T00:00:00+00:00,48,7.455976320365444,7.418712311135778,0.03726400922966633,0.4997871187959981,20260101T00F048
station_bilinear,SINTANG,0.066,111.477,2026-01-01T00:00:00+00:00,72,8.395683245155375,8.369149817610833,0.026533427544542576,0.31603654842330264,20260101T00F072
station_bilinear,SUPADIO,-0.14,109.45,2026-01-01T00:00:00+00:00,6,6.688203646465528,6.694754084435317,0.006550437969789158,0.09794016922990713,20260101T00F006
station_bilinear,SUPADIO,-0.14,109.45,2026-01-01T00:00:00+00:00,12,15.812136117120295,15.821466803345174,0.00933068622487987,0.059009650282337525,20260101T00F012
station_bilinear,SUPADIO,-0.14,109.45,2026-01-01T00:00:00+00:00,24,27.552779846559147,27.55949068955488,0.006710842995733657,0.024356319155839086,20260101T00F024
station_bilinear,SUPADIO,-0.14,109.45,2026-01-01T00:00:00+00:00,48,18.57955678196971,18.566852943990853,0.01270383797885799,0.06837535538622894,20260101T00F048
station_bilinear,SUPADIO,-0.14,109.45,2026-01-01T00:00:00+00:00,72,18.691815428795763,18.722991157460456,0.031175728664692315,0.166788125976594,20260101T00F072
station_bilinear,TANJUNGHARAPAN2,2.83,117.36,2026-01-01T00:00:00+00:00,6,4.41186208455155,4.422623156585814,0.010761072034264352,0.2439122490239442,20260101T00F006
station_bilinear,TANJUNGHARAPAN2,2.83,117.36,2026-01-01T00:00:00+00:00,12,6.213767385076564,6.144125652696175,0.06964173238038907,1.1207650377715412,20260101T00F012
station_bilinear,TANJUNGHARAPAN2,2.83,117.36,2026-01-01T00:00:00+00:00,24,4.090090666152337,4.113838159014449,0.023747492862112196,0.5806104265275892,20260101T00F024
station_bilinear,TANJUNGHARAPAN2,2.83,117.36,2026-01-01T00:00:00+00:00,48,1.0154209295620076,0.9434772962890748,0.07194363327293274,7.0851044309245195,20260101T00F048
station_bilinear,TANJUNGHARAPAN2,2.83,117.36,2026-01-01T00:00:00+00:00,72,1.2220817247059446,1.169964791714051,0.05211693299189357,4.2646029261614125,20260101T00F072
