n,stations,minimum_rows_per_station,station_balanced_mae_ug_m3,persistence_station_balanced_mae_ug_m3,frozen_station_balanced_mae_ug_m3,skill_vs_10utc_persistence_pct,skill_vs_frozen_pct,mean_per_station_skill_vs_persistence_pct,stations_harmed_vs_persistence,stations_harmed_vs_frozen,forecast_hour,event_scope,model,interval_coverage_pct
5756,27,73,12.429479177624765,12.429479177624765,10.424872772910907,0.0,-19.22907308684705,0.0,0,23,12,all_common_cases,persistence_10utc,
5756,27,73,16.802912081000184,12.429479177624765,10.424872772910907,-35.18597071427065,-61.18097982608142,-48.95784529254057,25,27,12,all_common_cases,persistence_00utc,
5756,27,73,12.739260403171253,12.429479177624765,10.424872772910907,-2.4923105877529217,-22.200631899070224,-10.085005028988965,15,26,12,all_common_cases,climatology_training_only,
5756,27,73,17.686219450238223,12.429479177624765,10.424872772910907,-42.29252245803274,-69.65405559860613,-58.07946487248868,23,27,12,all_common_cases,raw_cams,
5756,27,73,10.424872772910907,12.429479177624765,10.424872772910907,16.127839115918064,0.0,11.591708597882677,4,0,12,all_common_cases,frozen_deployment,
5756,27,73,10.472862308141828,12.429479177624765,10.424872772910907,15.741744617949804,-0.46033689116686816,11.758752675843807,5,15,12,all_common_cases,frozen_deployment_missing_met,
5756,27,73,10.545101596211714,12.429479177624765,10.424872772910907,15.160551415583534,-1.1532881591919342,10.351204257069522,6,21,12,all_common_cases,all_features_00utc_expanding,
5756,27,73,10.6351054155375,12.429479177624765,10.424872772910907,14.436435641788204,-2.0166446843637553,10.107868008978981,7,20,12,all_common_cases,all_features_00utc_missing_met,
5756,27,73,10.33322955087633,12.429479177624765,10.424872772910907,16.865144522885966,0.8790824025470378,12.05190188685174,4,12,12,all_common_cases,no_met_00utc_expanding,
5756,27,73,9.671485534754515,12.429479177624765,10.424872772910907,22.18913281447159,7.226824293856837,18.941728288740634,2,3,12,all_common_cases,no_met_10utc_expanding,77.3453787352328
767,27,11,32.80849592518616,32.80849592518616,29.747266355418155,0.0,-10.290792885613943,0.0,0,20,12,training_p90_high_events,persistence_10utc,
767,27,11,39.86833115547482,32.80849592518616,29.747266355418155,-21.5183141780938,-34.023512208251084,-39.37362219779818,17,24,12,training_p90_high_events,persistence_00utc,
767,27,11,40.63869018133793,32.80849592518616,29.747266355418155,-23.866361548566918,-36.61319227047568,-41.369336611883824,23,26,12,training_p90_high_events,climatology_training_only,
767,27,11,42.25793441778703,32.80849592518616,29.747266355418155,-28.801803393086356,-42.05653021320457,-35.39820971220303,18,22,12,training_p90_high_events,raw_cams,
767,27,11,29.747266355418155,32.80849592518616,29.747266355418155,9.330600149267987,0.0,5.198176021521641,7,0,12,training_p90_high_events,frozen_deployment,
767,27,11,31.28797620609987,32.80849592518616,29.747266355418155,4.634530405031545,-5.179332555379812,0.47657167042708326,11,25,12,training_p90_high_events,frozen_deployment_missing_met,
767,27,11,30.32071438775779,32.80849592518616,29.747266355418155,7.582735713033917,-1.927733545288235,3.46161972920902,9,18,12,training_p90_high_events,all_features_00utc_expanding,
767,27,11,31.647895716802058,32.80849592518616,29.747266355418155,3.537498979016407,-6.389257213336252,-0.3107896508809097,13,25,12,training_p90_high_events,all_features_00utc_missing_met,
767,27,11,29.34358654852399,32.80849592518616,29.747266355418155,10.561012563828786,1.3570316077821332,5.114133668762035,8,11,12,training_p90_high_events,no_met_00utc_expanding,
767,27,11,27.313182439462757,32.80849592518616,29.747266355418155,16.749665995827634,8.182546546876413,13.986778461203698,4,3,12,training_p90_high_events,no_met_10utc_expanding,36.89700130378096
5675,27,72,14.378438948340353,14.378438948340353,10.903690316602857,0.0,-31.867638669511344,0.0,0,27,24,all_common_cases,persistence_10utc,
5675,27,72,13.275717095482836,14.378438948340353,10.903690316602857,7.669273812125477,-21.754348390362253,7.013788105628314,10,26,24,all_common_cases,persistence_00utc,
5675,27,72,13.697806110929944,14.378438948340353,10.903690316602857,4.733704680013062,-25.625414086389963,5.4185153767829535,9,27,24,all_common_cases,climatology_training_only,
5675,27,72,17.542765776751647,14.378438948340353,10.903690316602857,-22.00744350468269,-60.888334750663155,-32.876362634289954,19,26,24,all_common_cases,raw_cams,
5675,27,72,10.903690316602857,14.378438948340353,10.903690316602857,24.166383042149175,0.0,24.77159492702665,0,0,24,all_common_cases,frozen_deployment,
5675,27,72,10.966048271548575,14.378438948340353,10.903690316602857,23.73269232530738,-0.5718977074281595,24.04619788391826,0,20,24,all_common_cases,frozen_deployment_missing_met,
5675,27,72,10.711399985730395,14.378438948340353,10.903690316602857,25.503734972795712,1.763534411644696,25.57251085705711,0,12,24,all_common_cases,all_features_00utc_expanding,
5675,27,72,10.773311208223491,14.378438948340353,10.903690316602857,25.07315121669024,1.1957337799739176,24.847908182550032,0,14,24,all_common_cases,all_features_00utc_missing_met,
5675,27,72,10.783589107834459,14.378438948340353,10.903690316602857,25.001669885177858,1.1014730360190295,25.024940402891072,0,15,24,all_common_cases,no_met_00utc_expanding,
5675,27,72,10.766907259254129,14.378438948340353,10.903690316602857,25.117689771900366,1.2544657210270427,25.68811348514036,0,11,24,all_common_cases,no_met_10utc_expanding,74.7488986784141
886,27,5,37.855929307343864,37.855929307343864,30.147632296207956,0.0,-25.568498830687524,0.0,0,23,24,training_p90_high_events,persistence_10utc,
886,27,5,29.764756725606382,37.855929307343864,30.147632296207956,21.373593859094175,1.2700021243450488,19.76887517130534,6,12,24,training_p90_high_events,persistence_00utc,
886,27,5,42.15816593616651,37.855929307343864,30.147632296207956,-11.364762951382712,-39.83906106440496,-22.578667107600012,18,26,24,training_p90_high_events,climatology_training_only,
886,27,5,37.0195862979136,37.855929307343864,30.147632296207956,2.209278770150336,-22.79434064402468,-12.303414825618686,16,20,24,training_p90_high_events,raw_cams,
886,27,5,30.147632296207956,37.855929307343864,30.147632296207956,20.36219200578583,0.0,21.23958849308825,4,0,24,training_p90_high_events,frozen_deployment,
886,27,5,30.543158238748656,37.855929307343864,30.147632296207956,19.317373004435968,-1.3119635354928105,19.871711778214042,3,19,24,training_p90_high_events,frozen_deployment_missing_met,
886,27,5,29.025371172291305,37.855929307343864,30.147632296207956,23.32675038396026,3.7225514524330094,23.305820909918946,2,10,24,training_p90_high_events,all_features_00utc_expanding,
886,27,5,29.480346289279304,37.855929307343864,30.147632296207956,22.12489079336837,2.213394406474123,21.52789038203148,3,14,24,training_p90_high_events,all_features_00utc_missing_met,
886,27,5,29.167709319611006,37.855929307343864,30.147632296207956,22.950750771946804,3.2504143840184962,22.77936449692108,2,11,24,training_p90_high_events,no_met_00utc_expanding,
886,27,5,29.43699316595975,37.855929307343864,30.147632296207956,22.239412148708983,2.357197153215884,23.54520165962381,3,12,24,training_p90_high_events,no_met_10utc_expanding,38.82618510158014
5627,27,68,15.173285596810748,15.173285596810748,11.749685452906684,0.0,-29.137802519276136,0.0,0,25,48,all_common_cases,persistence_10utc,
5627,27,68,13.968087456262445,15.173285596810748,11.749685452906684,7.942894983810378,-18.880522480769592,8.048330500557771,5,25,48,all_common_cases,persistence_00utc,
5627,27,68,13.777721110904483,15.173285596810748,11.749685452906684,9.197510170108425,-17.260339999111185,10.725486351342711,6,26,48,all_common_cases,climatology_training_only,
5627,27,68,18.156424312187784,15.173285596810748,11.749685452906684,-19.660466392355104,-54.526896783404325,-27.38879313194281,17,26,48,all_common_cases,raw_cams,
5627,27,68,11.749685452906684,15.173285596810748,11.749685452906684,22.56334082727386,0.0,24.48197797376585,2,0,48,all_common_cases,frozen_deployment,
5627,27,68,11.711796677425937,15.173285596810748,11.749685452906684,22.81304795391432,0.3224662960775171,24.39961523650319,2,13,48,all_common_cases,frozen_deployment_missing_met,
5627,27,68,11.586150871804458,15.173285596810748,11.749685452906684,23.64112045554765,1.3918209279531801,25.311692397912772,0,8,48,all_common_cases,all_features_00utc_expanding,
5627,27,68,11.585070836664372,15.173285596810748,11.749685452906684,23.648238459971903,1.401012962449899,25.090153428094258,0,11,48,all_common_cases,all_features_00utc_missing_met,
5627,27,68,11.604735952342075,15.173285596810748,11.749685452906684,23.518634917270266,1.2336457954178703,25.211696725315708,0,10,48,all_common_cases,no_met_00utc_expanding,
5627,27,68,11.575211340947215,15.173285596810748,11.749685452906684,23.71321776622861,1.4849258106420793,25.359737470223408,0,12,48,all_common_cases,no_met_10utc_expanding,74.88892838102008
880,27,5,38.991834276650756,38.991834276650756,33.56747288018164,0.0,-16.1595763131507,0.0,0,21,48,training_p90_high_events,persistence_10utc,
880,27,5,31.05900308338786,38.991834276650756,33.56747288018164,20.344852558047688,7.472918219812696,16.000980218183724,5,12,48,training_p90_high_events,persistence_00utc,
880,27,5,42.398414937355156,38.991834276650756,33.56747288018164,-8.736651465366796,-26.30803363927743,-18.450090380194986,18,26,48,training_p90_high_events,climatology_training_only,
880,27,5,38.4198469961489,38.991834276650756,33.56747288018164,1.4669411970813062,-14.455583633857994,-10.643785424521896,20,20,48,training_p90_high_events,raw_cams,
880,27,5,33.56747288018164,38.991834276650756,33.56747288018164,13.911531727342597,0.0,15.65215751435385,6,0,48,training_p90_high_events,frozen_deployment,
880,27,5,33.179970107296384,38.991834276650756,33.56747288018164,14.905336661308743,1.1543996006742607,15.950217419025368,6,11,48,training_p90_high_events,frozen_deployment_missing_met,
880,27,5,32.58699190123719,38.991834276650756,33.56747288018164,16.426112016097015,2.920925809471131,17.25383742953471,5,8,48,training_p90_high_events,all_features_00utc_expanding,
880,27,5,32.26084321556098,38.991834276650756,33.56747288018164,17.26256583194511,3.8925470180154575,17.523803834199718,4,10,48,training_p90_high_events,all_features_00utc_missing_met,
880,27,5,32.685050909787385,38.991834276650756,33.56747288018164,16.174626005322413,2.6288007248685075,16.90042965069121,6,11,48,training_p90_high_events,no_met_00utc_expanding,
880,27,5,32.26413592141461,38.991834276650756,33.56747288018164,17.25412122831279,3.8827378022148418,18.606191390528686,4,8,48,training_p90_high_events,no_met_10utc_expanding,36.02272727272727
5612,27,67,15.563086973951432,15.563086973951432,12.089729390122022,0.0,-28.729820757339162,0.0,0,26,72,all_common_cases,persistence_10utc,
5612,27,67,14.741575014429543,15.563086973951432,12.089729390122022,5.278592614028865,-21.93469794678966,5.359353464584476,12,25,72,all_common_cases,persistence_00utc,
5612,27,67,13.787454379705322,15.563086973951432,12.089729390122022,11.409257027336917,-14.042704636304215,12.883725276833134,6,25,72,all_common_cases,climatology_training_only,
5612,27,67,18.602901144288204,15.563086973951432,12.089729390122022,-19.532205759851063,-53.87359422195011,-24.61433684772224,18,26,72,all_common_cases,raw_cams,
5612,27,67,12.089729390122022,15.563086973951432,12.089729390122022,22.31792182131288,0.0,24.65096644535603,1,0,72,all_common_cases,frozen_deployment,
5612,27,67,12.038260476809391,15.563086973951432,12.089729390122022,22.64863328876646,0.4257242792769511,24.666271092399228,0,12,72,all_common_cases,frozen_deployment_missing_met,
5612,27,67,11.995243406952495,15.563086973951432,12.089729390122022,22.92503777027386,0.7815392728866777,25.196558548037373,0,10,72,all_common_cases,all_features_00utc_expanding,
5612,27,67,12.004485932790226,15.563086973951432,12.089729390122022,22.865650285945073,0.7050898707579356,24.841753055809956,0,12,72,all_common_cases,all_features_00utc_missing_met,
5612,27,67,12.01163958029678,15.563086973951432,12.089729390122022,22.819684806740803,0.6459185917680355,24.916334105107286,0,12,72,all_common_cases,no_met_00utc_expanding,
5612,27,67,12.014278423367422,15.563086973951432,12.089729390122022,22.80272902492798,0.6240914442323886,25.048762669963683,0,9,72,all_common_cases,no_met_10utc_expanding,74.91090520313614
882,27,4,40.90875477744299,40.90875477744299,35.013357690724376,0.0,-16.837565647925267,0.0,0,24,72,training_p90_high_events,persistence_10utc,
882,27,4,33.002482824803984,40.90875477744299,35.013357690724376,19.32660134890859,5.743164890618613,16.468764517557567,6,15,72,training_p90_high_events,persistence_00utc,
882,27,4,42.45885484015575,40.90875477744299,35.013357690724376,-3.789164620497054,-21.26473334890646,-13.831366817462937,14,25,72,training_p90_high_events,climatology_training_only,
882,27,4,39.35793984854703,40.90875477744299,35.013357690724376,3.7909120855252,-12.408356251344642,-5.55382577576351,17,19,72,training_p90_high_events,raw_cams,
882,27,4,35.013357690724376,40.90875477744299,35.013357690724376,14.411089065877213,0.0,16.933974125295013,3,0,72,training_p90_high_events,frozen_deployment,
882,27,4,33.99091072217876,40.90875477744299,35.013357690724376,16.910424413794946,2.920162577885177,18.576641137629313,1,7,72,training_p90_high_events,frozen_deployment_missing_met,
882,27,4,34.37416617452479,40.90875477744299,35.013357690724376,15.973570054792674,1.8255647511604467,17.613557232137495,2,10,72,training_p90_high_events,all_features_00utc_expanding,
882,27,4,33.421124596152374,40.90875477744299,35.013357690724376,18.303246388275006,4.547501866677051,18.942524832967656,0,9,72,training_p90_high_events,all_features_00utc_missing_met,
882,27,4,34.02713060966377,40.90875477744299,35.013357690724376,16.821886183574886,2.816716665028307,18.124143992710692,1,7,72,training_p90_high_events,no_met_00utc_expanding,
882,27,4,34.281546465814046,40.90875477744299,35.013357690724376,16.1999756474699,2.0900915341352744,18.415399432939882,1,11,72,training_p90_high_events,no_met_10utc_expanding,34.24036281179138
