station_code,station_name,source_file,start_utc,end_utc,source_rows,unique_station_hours,expected_hours_within_span,absent_hours_within_span,temporal_coverage_pct,maximum_gap_hours,timestamp_parse_failures,invalid_hour_rows,duplicate_rows_affected,duplicate_rows_removed,valid_pm25,valid_pm25_pct_of_source_rows,negative_pm25,pm25_at_or_above_985,invalid_relative_humidity,invalid_temperature,valid_pm25_pct_of_expected_hours
BANJARBARU2,Banjarbaru,banjarbaru.csv,2021-09-08T16:00:00+00:00,2026-08-31T23:00:00+00:00,43406,43406,43640,234,99.46379468377636,126.0,0,0,0,0,42840,98.69603280652444,86,480,50,0,98.16681943171402
BATAM2,Batam,batam.csv,2021-09-14T17:00:00+00:00,2026-08-31T23:00:00+00:00,43203,43203,43495,292,99.3286584664904,52.0,0,0,0,0,42596,98.59500497650626,104,503,1,0,97.93309575813312
BENGKULU,Bengkulu,bengkulu.csv,2021-08-19T19:00:00+00:00,2026-08-31T23:00:00+00:00,43544,43541,44117,576,98.69438085091915,108.0,0,0,6,3,41206,94.63071835384898,1480,858,0,0,93.39483645760137
INDRAPURI2,Indrapuri,indrapuri.csv,2021-10-04T00:00:00+00:00,2026-08-31T23:00:00+00:00,42279,42275,43032,757,98.24084402305262,495.0,0,0,8,4,40277,95.26478866576788,1297,705,0,0,93.58849228481131
KEMAYORAN3,Kemayoran,kemayoran.csv,2021-08-25T04:00:00+00:00,2026-08-31T23:00:00+00:00,43207,43203,43988,785,98.21542238792398,214.0,0,0,8,4,42488,98.33591779109867,72,647,0,0,96.58088569609893
JAMBI3,Kota Jambi,kota_jambi.csv,2021-01-01T00:00:00+00:00,2026-08-31T23:00:00+00:00,47180,47177,49656,2479,95.00765265023361,504.0,0,0,6,3,46088,97.68545994065282,301,791,2,0,92.80852263573385
KOTABARU,Kotabaru,kotabaru.csv,2021-10-09T23:00:00+00:00,2026-08-31T23:00:00+00:00,42839,42837,42889,52,99.87875679078552,35.0,0,0,4,2,40601,94.77578841709658,2096,142,0,0,94.6606355942083
KOTOTABANG2,Koto Tabang,kototabang.csv,2021-09-24T06:00:00+00:00,2026-08-31T23:00:00+00:00,41464,41461,43266,1805,95.82813294503768,867.0,0,0,6,3,37064,89.38838510515146,4015,385,23,3662,85.65848472241483
SUPADIO,Kubu Raya,kubu_raya.csv,2021-09-09T05:00:00+00:00,2026-08-31T23:00:00+00:00,43171,43171,43627,456,98.95477571228827,155.0,0,0,0,0,42717,98.94836811748627,264,190,0,0,97.91413574162789
PALU,Lore Lindu Bariri,lore_lindu.csv,2021-01-23T00:00:00+00:00,2026-08-31T23:00:00+00:00,23925,23925,49128,25203,48.69931607230093,14491.0,0,0,0,0,20907,87.38557993730407,1122,1896,0,0,42.556179775280896
MALANG,Malang,malang.csv,2021-09-23T20:00:00+00:00,2026-08-31T23:00:00+00:00,42192,42191,43276,1085,97.49283667621776,156.0,0,0,2,1,41042,97.27436480849451,264,886,0,0,94.83547462796932
MAROS,Maros,maros.csv,2021-10-13T03:00:00+00:00,2026-08-31T23:00:00+00:00,40746,40743,42813,2070,95.16501997056969,1053.0,0,0,6,3,39091,95.93825160751976,519,1136,0,0,91.29937168617009
MEDAN2,Medan,medan.csv,2021-09-01T17:00:00+00:00,2026-08-31T23:00:00+00:00,42865,42861,43807,946,97.84052776953455,434.0,0,0,8,4,42538,99.23713985769275,95,232,0,0,97.09407172369713
PONTIANAK2,Mempawah,mempawah.csv,2021-09-09T01:00:00+00:00,2026-08-31T23:00:00+00:00,43007,43002,43631,629,98.55836446563224,53.0,0,0,10,5,42032,97.73292719789801,353,622,0,0,96.32371478994293
JAMBI4,Muaro Jambi,muaro_jambi.csv,2021-08-18T15:00:00+00:00,2026-08-31T23:00:00+00:00,42407,42403,44145,1742,96.05391324045759,498.0,0,0,8,4,41611,98.1229513995331,236,560,0,0,94.25076452599389
PALEMBANG4,Musi 2 Palembang,musi_2_palembang.csv,2021-08-21T19:00:00+00:00,2026-08-31T23:00:00+00:00,42878,42878,44069,1191,97.29741995507045,371.0,0,0,0,0,42124,98.24152245906991,130,624,8,0,95.58646667725613
PALANGKARAYA2,Palangka Raya,palangkaraya.csv,2021-01-01T00:00:00+00:00,2026-08-31T23:00:00+00:00,45095,45092,49656,4564,90.80876429837281,485.0,0,0,6,3,42010,93.15888679454486,2451,634,0,0,84.59602062187852
PANGKALANBUN2,Pangkalan Bun,pangkalanbun.csv,2021-09-24T15:00:00+00:00,2026-08-31T23:00:00+00:00,41904,41904,43257,1353,96.87218253693044,239.0,0,0,0,0,39453,94.15091638029782,1536,915,0,0,91.20604757611486
PEKANBARU2,Pekanbaru,pekanbaru.csv,2021-01-01T14:00:00+00:00,2026-08-31T23:00:00+00:00,47095,47095,49642,2547,94.86926392973692,991.0,0,0,0,0,46474,98.68138868245036,174,447,0,0,93.61830707868337
PESAWARAN,Pesawaran,pesawaran.csv,2021-08-05T06:00:00+00:00,2026-08-31T23:00:00+00:00,43576,43576,44466,890,97.99847074169028,127.0,0,0,0,0,42599,97.75794015054157,57,920,0,0,95.80128637610758
SAMARINDA2,Samarinda,samarinda.csv,2021-01-01T00:00:00+00:00,2026-08-31T23:00:00+00:00,48475,48475,49656,1181,97.62163686160787,96.0,0,0,0,0,45572,94.01134605466736,2065,838,0,0,91.77541485419687
SEMARANG,Semarang,semarang.csv,2021-09-02T05:00:00+00:00,2026-08-31T23:00:00+00:00,42186,42186,43795,1609,96.32606461924877,492.0,0,0,0,0,41967,99.48087043094866,68,151,0,0,95.82600753510675
SINTANG,Sintang,sintang.csv,2021-09-19T09:00:00+00:00,2026-08-31T23:00:00+00:00,42887,42887,43383,496,98.85669501878616,85.0,0,0,0,0,39476,92.04654090983281,3001,410,0,0,90.99416822257567
MLATI,Sleman,sleman.csv,2021-09-09T21:00:00+00:00,2026-08-31T23:00:00+00:00,43328,43325,43611,286,99.34420215083351,101.0,0,0,6,3,42494,98.07514771048744,65,769,6,0,97.43413359014927
SORONG,Sorong,sorong.csv,2021-08-19T06:00:00+00:00,2026-08-31T23:00:00+00:00,41880,41880,44130,2250,94.90142760027193,512.0,0,0,0,0,39212,93.62941738299905,2465,203,0,0,88.85565375028325
PALEMBANG3,Talang Betutu Palembang,talang_betutu_palembang.csv,2021-01-04T06:00:00+00:00,2026-08-31T23:00:00+00:00,48650,48650,49578,928,98.12820202509178,259.0,0,0,0,0,47807,98.2672147995889,116,727,568,0,96.42785106297148
TANJUNGHARAPAN2,Tanjung Harapan,tanjung_harapan.csv,2021-01-01T00:00:00+00:00,2026-08-31T23:00:00+00:00,45143,45143,49656,4513,90.91147091992912,1212.0,0,0,0,0,43744,96.90095917417982,426,973,16,0,88.09408732076687
