forecast_hour,feature,train_n,test_n,train_missing_pct,test_missing_pct,train_mean,test_mean,standardized_mean_difference,population_stability_index
3,pm25_lag_0h,18576,6084,5.88235294117647,7.270233196159122,25.471963824289404,27.38372781065089,0.06319219888765197,0.013897669689539266
3,pm25_lag_1h,18623,6079,5.644221512894563,7.346441091297058,22.953745368630187,24.835186708340185,0.06461002265445003,0.01945284024737589
3,pm25_lag_2h,18636,6105,5.578355373157015,6.95016003657979,21.794210130929386,23.915020475020476,0.07566347610102157,0.0208018216673288
3,pm25_lag_3h,18636,6088,5.578355373157015,7.209266880048773,22.065732989912,23.729862023653087,0.05375813762564717,0.01589039970713126
3,pm25_lag_6h,18647,6072,5.522622485686781,7.453132144490169,23.640944924116482,25.467276021080366,0.06972699736039262,0.01276893613034543
3,pm25_lag_12h,18735,6106,5.0767593859249125,6.934918457552203,27.64323992527355,27.880461840812313,0.00932299584199953,0.009539133934116446
3,pm25_lag_24h,18577,6079,5.877286315042813,7.346441091297058,25.47106098939549,27.05614410264846,0.05239628057324999,0.013293670890297284
3,pm25_lag_48h,18579,6076,5.867153062775498,7.392165828379821,25.467603207922924,26.83207702435813,0.04510733454374028,0.01294652748726068
3,pm25_lag_72h,18580,6074,5.862086436641841,7.422648986434995,25.468040904198062,26.416792887718138,0.031367270136389964,0.01224195134946487
3,pm25_lag_168h,18588,6062,5.82155342757258,7.605547934766042,25.472950290510003,25.25801715605411,-0.00710706523623165,0.011614472517940858
3,rh_lag_0h,19118,6312,3.136241576734053,3.7951531778692273,91.4641829689298,93.04388466413181,0.17670783964017034,0.07554704221689731
3,temperature_lag_0h,18966,6312,3.906368749050008,3.7951531778692273,24.550216176315512,23.97957858048162,-0.2699446374391234,0.13354216789482262
3,rh_lag_1h,19110,6315,3.176774585803314,3.7494284407864655,92.45978911564626,93.66080760095012,0.13963433881454038,0.05298925580124914
3,temperature_lag_1h,18959,6315,3.941835131985611,3.7494284407864655,24.052012236932327,23.571338083927156,-0.232060482125017,0.12575592052760715
3,rh_lag_3h,19104,6316,3.207174342605259,3.734186861758878,92.13410542294807,93.27184927169094,0.13242228840079606,0.050127987396532306
3,temperature_lag_3h,18954,6316,3.9671682626538987,3.734186861758878,24.23191938377124,23.833834705509815,-0.1927314313540599,0.10659595084885992
3,rh_lag_6h,19098,6301,3.2375740994072046,3.962810547172687,90.90841030474395,92.20266624345342,0.1459092554042363,0.054532519514422874
3,temperature_lag_6h,18948,6301,3.9975680194558447,3.962810547172687,24.820345155161498,24.45603872401206,-0.17374637240457302,0.08757505702797755
3,rh_lag_12h,19082,6256,3.3186401175457263,4.648681603414113,83.68187244523635,84.70588235294117,0.09702168481429402,0.013329371186004552
3,temperature_lag_12h,18928,6256,4.098900542128996,4.648681603414113,26.966763524936603,26.821355498721232,-0.06002636791487819,0.023885644157470916
3,rh_lag_24h,19120,6310,3.126108324466738,3.825636335924402,91.46089173640168,93.05530903328051,0.17833434501610487,0.07663507796360805
3,temperature_lag_24h,18968,6310,3.8962354967826927,3.825636335924402,24.548882328131587,23.97933438985737,-0.26930072799614324,0.13313425403378848
3,pm25_mean_3h,18797,6212,4.762628565638142,5.319311080627953,23.262253728431833,25.029724726336116,0.06382880615229221,0.01948948492672094
3,pm25_std_3h,18797,6212,4.762628565638142,5.319311080627953,4.380251888348664,5.102026690470065,0.08966806406787577,0.014061187695858027
3,pm25_max_3h,18797,6212,4.762628565638142,5.319311080627953,28.64006490397404,31.313763683193816,0.07577351892207952,0.019192653986063204
3,pm25_available_fraction_3h,19737,6561,0.0,0.0,0.9429835672425733,0.9281105522532135,-0.06723981624466999,0.0
3,pm25_mean_6h,18884,6251,4.321832092009931,4.7248894985520495,22.721574701687494,24.24514397696368,0.05696670230427975,0.022703945167246685
3,pm25_std_6h,18884,6251,4.321832092009931,4.7248894985520495,5.9439887763389985,6.932009150077148,0.09364375990352372,0.021517989764451018
3,pm25_max_6h,18884,6251,4.321832092009931,4.7248894985520495,32.5080968015251,35.555143177091665,0.07193569418880222,0.022455921791103145
3,pm25_available_fraction_6h,19737,6561,0.0,0.0,0.9435408961172755,0.9278565259360869,-0.07297899713702609,0.0
3,pm25_mean_12h,19009,6287,3.688503825302731,4.176192653558909,24.002606398677866,25.309699741742456,0.05606315783035075,0.012684511098148856
3,pm25_std_12h,19009,6287,3.688503825302731,4.176192653558909,8.403446896550625,9.715790517495952,0.10933123448930011,0.020026517322351837
3,pm25_max_12h,19009,6287,3.688503825302731,4.176192653558909,41.56057656899363,45.53497693653571,0.08388466737697545,0.01608075426540066
3,pm25_available_fraction_12h,19737,6561,0.0,0.0,0.9458208778774215,0.9295458009449779,-0.07920749097415027,0.0
3,pm25_mean_24h,19188,6328,2.7815777473780208,3.5512879134278306,22.07312774798408,23.023139028327773,0.05063870756397797,0.01095254140151131
3,pm25_std_24h,19188,6328,2.7815777473780208,3.5512879134278306,9.744668359417183,11.373823502073744,0.13575024854646142,0.019628889583486575
3,pm25_max_24h,19188,6328,2.7815777473780208,3.5512879134278306,47.864962476547845,53.179914664981034,0.10125020727337841,0.015616923654754741
3,pm25_available_fraction_24h,19737,6561,0.0,0.0,0.9430004559963521,0.922426713407509,-0.10696737461484838,0.018897504968560207
3,pm25_mean_72h,19293,6357,2.2495820033439733,3.1092821216278006,22.061727719816087,22.748787941372267,0.03906884005143697,0.014525952761554
3,pm25_std_72h,19293,6357,2.2495820033439733,3.1092821216278006,11.210039572273958,12.806321121413724,0.13224874250554605,0.022304417150606635
3,pm25_max_72h,19293,6357,2.2495820033439733,3.1092821216278006,64.2212356813352,70.96831838917728,0.09824871532592325,0.01939213341286134
3,pm25_available_fraction_72h,19737,6561,0.0,0.0,0.9430919367459875,0.9219123101153278,-0.12105693549507968,0.10013337870976141
3,pm25_mean_168h,19371,6377,1.8543851649186804,2.8044505410760556,22.0739154558579,22.26739137012377,0.01150261435540769,0.026715081169692532
3,pm25_std_168h,19371,6377,1.8543851649186804,2.8044505410760556,12.22339273794068,13.663219943011438,0.11891393593322828,0.026972574350846136
3,pm25_max_168h,19371,6377,1.8543851649186804,2.8044505410760556,81.80757317639771,89.3136427787361,0.08750966532334968,0.022346128422523353
3,pm25_available_fraction_168h,19737,6561,0.0,0.0,0.9432673586230357,0.9209769489261944,-0.13817735258255218,0.11751483234034968
3,latitude,19737,6561,0.0,0.0,-1.9834928,-1.9834928000000003,-6.858650769974103e-17,0.0
3,longitude,19737,6561,0.0,0.0,109.51183786333331,109.51183786333334,3.688584346325399e-15,0.0
3,utc_offset_hours,19737,6561,0.0,0.0,7.296296296296297,7.296296296296297,0.0,0.0
3,issue_hour_local_sin,19737,6561,0.0,0.0,0.934139841839798,0.934139841839798,0.0,0.0
3,issue_hour_local_cos,19737,6561,0.0,0.0,-0.32901806234210956,-0.3290180623421097,-8.934201775237021e-16,0.0
3,issue_day_of_year_sin,19737,6561,0.0,0.0,1.323664920059521e-05,0.3588310258889102,0.507605648961493,1.3592657050116201
3,issue_day_of_year_cos,19737,6561,0.0,0.0,0.0006838869993717085,-0.20923391155375404,-0.2967598058415947,0.10599710533205735
3,target_hour_local_sin,19737,6561,0.0,0.0,0.427885713726486,0.42788571372648615,1.277782244294495e-15,0.0
3,target_hour_local_cos,19737,6561,0.0,0.0,-0.8931875197564141,-0.8931875197564142,-2.3972068560839954e-15,0.0
3,target_day_of_year_sin,19737,6561,0.0,0.0,1.323664920059521e-05,0.3588310258889102,0.507605648961493,1.3592657050116201
3,target_day_of_year_cos,19737,6561,0.0,0.0,0.0006838869993717085,-0.20923391155375404,-0.2967598058415947,0.10599710533205735
3,network_pm25_mean_ug_m3,19737,6561,0.0,0.0,25.39396386231056,27.03851805352557,0.13518370649946196,0.03318897471368171
3,nearby_pm25_weighted_mean_ug_m3,17157,5626,13.071895424836603,14.250876390794087,26.62183282042804,29.230612492532117,0.10120550942304725,0.021506174284455844
3,nearby_station_count,19737,6561,0.0,0.0,2.7986016111871104,2.7683279987806735,-0.016633482131356042,0.00230963884899564
3,latest_pm25_age_hours,19737,6561,0.0,0.0,31.21558494198713,314.50708733424784,0.9668488768671083,0.0
3,cams_pm25_ug_m3,19597,6561,0.7093276587120637,0.0,13.128808899646552,15.299667977191435,0.20405638289961542,0.041900803558076995
6,pm25_lag_0h,18576,6084,5.88235294117647,7.270233196159122,25.471963824289404,27.38372781065089,0.06319219888765197,0.013897669689539266
6,pm25_lag_1h,18623,6079,5.644221512894563,7.346441091297058,22.953745368630187,24.835186708340185,0.06461002265445003,0.01945284024737589
6,pm25_lag_2h,18636,6105,5.578355373157015,6.95016003657979,21.794210130929386,23.915020475020476,0.07566347610102157,0.0208018216673288
6,pm25_lag_3h,18636,6088,5.578355373157015,7.209266880048773,22.065732989912,23.729862023653087,0.05375813762564717,0.01589039970713126
6,pm25_lag_6h,18647,6072,5.522622485686781,7.453132144490169,23.640944924116482,25.467276021080366,0.06972699736039262,0.01276893613034543
6,pm25_lag_12h,18735,6106,5.0767593859249125,6.934918457552203,27.64323992527355,27.880461840812313,0.00932299584199953,0.009539133934116446
6,pm25_lag_24h,18577,6079,5.877286315042813,7.346441091297058,25.47106098939549,27.05614410264846,0.05239628057324999,0.013293670890297284
6,pm25_lag_48h,18579,6076,5.867153062775498,7.392165828379821,25.467603207922924,26.83207702435813,0.04510733454374028,0.01294652748726068
6,pm25_lag_72h,18580,6074,5.862086436641841,7.422648986434995,25.468040904198062,26.416792887718138,0.031367270136389964,0.01224195134946487
6,pm25_lag_168h,18588,6062,5.82155342757258,7.605547934766042,25.472950290510003,25.25801715605411,-0.00710706523623165,0.011614472517940858
6,rh_lag_0h,19118,6312,3.136241576734053,3.7951531778692273,91.4641829689298,93.04388466413181,0.17670783964017034,0.07554704221689731
6,temperature_lag_0h,18966,6312,3.906368749050008,3.7951531778692273,24.550216176315512,23.97957858048162,-0.2699446374391234,0.13354216789482262
6,rh_lag_1h,19110,6315,3.176774585803314,3.7494284407864655,92.45978911564626,93.66080760095012,0.13963433881454038,0.05298925580124914
6,temperature_lag_1h,18959,6315,3.941835131985611,3.7494284407864655,24.052012236932327,23.571338083927156,-0.232060482125017,0.12575592052760715
6,rh_lag_3h,19104,6316,3.207174342605259,3.734186861758878,92.13410542294807,93.27184927169094,0.13242228840079606,0.050127987396532306
6,temperature_lag_3h,18954,6316,3.9671682626538987,3.734186861758878,24.23191938377124,23.833834705509815,-0.1927314313540599,0.10659595084885992
6,rh_lag_6h,19098,6301,3.2375740994072046,3.962810547172687,90.90841030474395,92.20266624345342,0.1459092554042363,0.054532519514422874
6,temperature_lag_6h,18948,6301,3.9975680194558447,3.962810547172687,24.820345155161498,24.45603872401206,-0.17374637240457302,0.08757505702797755
6,rh_lag_12h,19082,6256,3.3186401175457263,4.648681603414113,83.68187244523635,84.70588235294117,0.09702168481429402,0.013329371186004552
6,temperature_lag_12h,18928,6256,4.098900542128996,4.648681603414113,26.966763524936603,26.821355498721232,-0.06002636791487819,0.023885644157470916
6,rh_lag_24h,19120,6310,3.126108324466738,3.825636335924402,91.46089173640168,93.05530903328051,0.17833434501610487,0.07663507796360805
6,temperature_lag_24h,18968,6310,3.8962354967826927,3.825636335924402,24.548882328131587,23.97933438985737,-0.26930072799614324,0.13313425403378848
6,pm25_mean_3h,18797,6212,4.762628565638142,5.319311080627953,23.262253728431833,25.029724726336116,0.06382880615229221,0.01948948492672094
6,pm25_std_3h,18797,6212,4.762628565638142,5.319311080627953,4.380251888348664,5.102026690470065,0.08966806406787577,0.014061187695858027
6,pm25_max_3h,18797,6212,4.762628565638142,5.319311080627953,28.64006490397404,31.313763683193816,0.07577351892207952,0.019192653986063204
6,pm25_available_fraction_3h,19737,6561,0.0,0.0,0.9429835672425733,0.9281105522532135,-0.06723981624466999,0.0
6,pm25_mean_6h,18884,6251,4.321832092009931,4.7248894985520495,22.721574701687494,24.24514397696368,0.05696670230427975,0.022703945167246685
6,pm25_std_6h,18884,6251,4.321832092009931,4.7248894985520495,5.9439887763389985,6.932009150077148,0.09364375990352372,0.021517989764451018
6,pm25_max_6h,18884,6251,4.321832092009931,4.7248894985520495,32.5080968015251,35.555143177091665,0.07193569418880222,0.022455921791103145
6,pm25_available_fraction_6h,19737,6561,0.0,0.0,0.9435408961172755,0.9278565259360869,-0.07297899713702609,0.0
6,pm25_mean_12h,19009,6287,3.688503825302731,4.176192653558909,24.002606398677866,25.309699741742456,0.05606315783035075,0.012684511098148856
6,pm25_std_12h,19009,6287,3.688503825302731,4.176192653558909,8.403446896550625,9.715790517495952,0.10933123448930011,0.020026517322351837
6,pm25_max_12h,19009,6287,3.688503825302731,4.176192653558909,41.56057656899363,45.53497693653571,0.08388466737697545,0.01608075426540066
6,pm25_available_fraction_12h,19737,6561,0.0,0.0,0.9458208778774215,0.9295458009449779,-0.07920749097415027,0.0
6,pm25_mean_24h,19188,6328,2.7815777473780208,3.5512879134278306,22.07312774798408,23.023139028327773,0.05063870756397797,0.01095254140151131
6,pm25_std_24h,19188,6328,2.7815777473780208,3.5512879134278306,9.744668359417183,11.373823502073744,0.13575024854646142,0.019628889583486575
6,pm25_max_24h,19188,6328,2.7815777473780208,3.5512879134278306,47.864962476547845,53.179914664981034,0.10125020727337841,0.015616923654754741
6,pm25_available_fraction_24h,19737,6561,0.0,0.0,0.9430004559963521,0.922426713407509,-0.10696737461484838,0.018897504968560207
6,pm25_mean_72h,19293,6357,2.2495820033439733,3.1092821216278006,22.061727719816087,22.748787941372267,0.03906884005143697,0.014525952761554
6,pm25_std_72h,19293,6357,2.2495820033439733,3.1092821216278006,11.210039572273958,12.806321121413724,0.13224874250554605,0.022304417150606635
6,pm25_max_72h,19293,6357,2.2495820033439733,3.1092821216278006,64.2212356813352,70.96831838917728,0.09824871532592325,0.01939213341286134
6,pm25_available_fraction_72h,19737,6561,0.0,0.0,0.9430919367459875,0.9219123101153278,-0.12105693549507968,0.10013337870976141
6,pm25_mean_168h,19371,6377,1.8543851649186804,2.8044505410760556,22.0739154558579,22.26739137012377,0.01150261435540769,0.026715081169692532
6,pm25_std_168h,19371,6377,1.8543851649186804,2.8044505410760556,12.22339273794068,13.663219943011438,0.11891393593322828,0.026972574350846136
6,pm25_max_168h,19371,6377,1.8543851649186804,2.8044505410760556,81.80757317639771,89.3136427787361,0.08750966532334968,0.022346128422523353
6,pm25_available_fraction_168h,19737,6561,0.0,0.0,0.9432673586230357,0.9209769489261944,-0.13817735258255218,0.11751483234034968
6,latitude,19737,6561,0.0,0.0,-1.9834928,-1.9834928000000003,-6.858650769974103e-17,0.0
6,longitude,19737,6561,0.0,0.0,109.51183786333331,109.51183786333334,3.688584346325399e-15,0.0
6,utc_offset_hours,19737,6561,0.0,0.0,7.296296296296297,7.296296296296297,0.0,0.0
6,issue_hour_local_sin,19737,6561,0.0,0.0,0.934139841839798,0.934139841839798,0.0,0.0
6,issue_hour_local_cos,19737,6561,0.0,0.0,-0.32901806234210956,-0.3290180623421097,-8.934201775237021e-16,0.0
6,issue_day_of_year_sin,19737,6561,0.0,0.0,1.323664920059521e-05,0.3588310258889102,0.507605648961493,1.3592657050116201
6,issue_day_of_year_cos,19737,6561,0.0,0.0,0.0006838869993717085,-0.20923391155375404,-0.2967598058415947,0.10599710533205735
6,target_hour_local_sin,19737,6561,0.0,0.0,-0.3290180623421097,-0.3290180623421097,0.0,0.0
6,target_hour_local_cos,19737,6561,0.0,0.0,-0.934139841839798,-0.934139841839798,0.0,0.0
6,target_day_of_year_sin,19737,6561,0.0,0.0,1.323664920059521e-05,0.3588310258889102,0.507605648961493,1.3592657050116201
6,target_day_of_year_cos,19737,6561,0.0,0.0,0.0006838869993717085,-0.20923391155375404,-0.2967598058415947,0.10599710533205735
6,network_pm25_mean_ug_m3,19737,6561,0.0,0.0,25.39396386231056,27.03851805352557,0.13518370649946196,0.03318897471368171
6,nearby_pm25_weighted_mean_ug_m3,17157,5626,13.071895424836603,14.250876390794087,26.62183282042804,29.230612492532117,0.10120550942304725,0.021506174284455844
6,nearby_station_count,19737,6561,0.0,0.0,2.7986016111871104,2.7683279987806735,-0.016633482131356042,0.00230963884899564
6,latest_pm25_age_hours,19737,6561,0.0,0.0,31.21558494198713,314.50708733424784,0.9668488768671083,0.0
6,cams_pm25_ug_m3,19597,6561,0.7093276587120637,0.0,13.62255951044736,16.158260071812574,0.22098458903085702,0.020270810739974353
12,pm25_lag_0h,18576,6084,5.88235294117647,7.270233196159122,25.471963824289404,27.38372781065089,0.06319219888765197,0.013897669689539266
12,pm25_lag_1h,18623,6079,5.644221512894563,7.346441091297058,22.953745368630187,24.835186708340185,0.06461002265445003,0.01945284024737589
12,pm25_lag_2h,18636,6105,5.578355373157015,6.95016003657979,21.794210130929386,23.915020475020476,0.07566347610102157,0.0208018216673288
12,pm25_lag_3h,18636,6088,5.578355373157015,7.209266880048773,22.065732989912,23.729862023653087,0.05375813762564717,0.01589039970713126
12,pm25_lag_6h,18647,6072,5.522622485686781,7.453132144490169,23.640944924116482,25.467276021080366,0.06972699736039262,0.01276893613034543
12,pm25_lag_12h,18735,6106,5.0767593859249125,6.934918457552203,27.64323992527355,27.880461840812313,0.00932299584199953,0.009539133934116446
12,pm25_lag_24h,18577,6079,5.877286315042813,7.346441091297058,25.47106098939549,27.05614410264846,0.05239628057324999,0.013293670890297284
12,pm25_lag_48h,18579,6076,5.867153062775498,7.392165828379821,25.467603207922924,26.83207702435813,0.04510733454374028,0.01294652748726068
12,pm25_lag_72h,18580,6074,5.862086436641841,7.422648986434995,25.468040904198062,26.416792887718138,0.031367270136389964,0.01224195134946487
12,pm25_lag_168h,18588,6062,5.82155342757258,7.605547934766042,25.472950290510003,25.25801715605411,-0.00710706523623165,0.011614472517940858
12,rh_lag_0h,19118,6312,3.136241576734053,3.7951531778692273,91.4641829689298,93.04388466413181,0.17670783964017034,0.07554704221689731
12,temperature_lag_0h,18966,6312,3.906368749050008,3.7951531778692273,24.550216176315512,23.97957858048162,-0.2699446374391234,0.13354216789482262
12,rh_lag_1h,19110,6315,3.176774585803314,3.7494284407864655,92.45978911564626,93.66080760095012,0.13963433881454038,0.05298925580124914
12,temperature_lag_1h,18959,6315,3.941835131985611,3.7494284407864655,24.052012236932327,23.571338083927156,-0.232060482125017,0.12575592052760715
12,rh_lag_3h,19104,6316,3.207174342605259,3.734186861758878,92.13410542294807,93.27184927169094,0.13242228840079606,0.050127987396532306
12,temperature_lag_3h,18954,6316,3.9671682626538987,3.734186861758878,24.23191938377124,23.833834705509815,-0.1927314313540599,0.10659595084885992
12,rh_lag_6h,19098,6301,3.2375740994072046,3.962810547172687,90.90841030474395,92.20266624345342,0.1459092554042363,0.054532519514422874
12,temperature_lag_6h,18948,6301,3.9975680194558447,3.962810547172687,24.820345155161498,24.45603872401206,-0.17374637240457302,0.08757505702797755
12,rh_lag_12h,19082,6256,3.3186401175457263,4.648681603414113,83.68187244523635,84.70588235294117,0.09702168481429402,0.013329371186004552
12,temperature_lag_12h,18928,6256,4.098900542128996,4.648681603414113,26.966763524936603,26.821355498721232,-0.06002636791487819,0.023885644157470916
12,rh_lag_24h,19120,6310,3.126108324466738,3.825636335924402,91.46089173640168,93.05530903328051,0.17833434501610487,0.07663507796360805
12,temperature_lag_24h,18968,6310,3.8962354967826927,3.825636335924402,24.548882328131587,23.97933438985737,-0.26930072799614324,0.13313425403378848
12,pm25_mean_3h,18797,6212,4.762628565638142,5.319311080627953,23.262253728431833,25.029724726336116,0.06382880615229221,0.01948948492672094
12,pm25_std_3h,18797,6212,4.762628565638142,5.319311080627953,4.380251888348664,5.102026690470065,0.08966806406787577,0.014061187695858027
12,pm25_max_3h,18797,6212,4.762628565638142,5.319311080627953,28.64006490397404,31.313763683193816,0.07577351892207952,0.019192653986063204
12,pm25_available_fraction_3h,19737,6561,0.0,0.0,0.9429835672425733,0.9281105522532135,-0.06723981624466999,0.0
12,pm25_mean_6h,18884,6251,4.321832092009931,4.7248894985520495,22.721574701687494,24.24514397696368,0.05696670230427975,0.022703945167246685
12,pm25_std_6h,18884,6251,4.321832092009931,4.7248894985520495,5.9439887763389985,6.932009150077148,0.09364375990352372,0.021517989764451018
12,pm25_max_6h,18884,6251,4.321832092009931,4.7248894985520495,32.5080968015251,35.555143177091665,0.07193569418880222,0.022455921791103145
12,pm25_available_fraction_6h,19737,6561,0.0,0.0,0.9435408961172755,0.9278565259360869,-0.07297899713702609,0.0
12,pm25_mean_12h,19009,6287,3.688503825302731,4.176192653558909,24.002606398677866,25.309699741742456,0.05606315783035075,0.012684511098148856
12,pm25_std_12h,19009,6287,3.688503825302731,4.176192653558909,8.403446896550625,9.715790517495952,0.10933123448930011,0.020026517322351837
12,pm25_max_12h,19009,6287,3.688503825302731,4.176192653558909,41.56057656899363,45.53497693653571,0.08388466737697545,0.01608075426540066
12,pm25_available_fraction_12h,19737,6561,0.0,0.0,0.9458208778774215,0.9295458009449779,-0.07920749097415027,0.0
12,pm25_mean_24h,19188,6328,2.7815777473780208,3.5512879134278306,22.07312774798408,23.023139028327773,0.05063870756397797,0.01095254140151131
12,pm25_std_24h,19188,6328,2.7815777473780208,3.5512879134278306,9.744668359417183,11.373823502073744,0.13575024854646142,0.019628889583486575
12,pm25_max_24h,19188,6328,2.7815777473780208,3.5512879134278306,47.864962476547845,53.179914664981034,0.10125020727337841,0.015616923654754741
12,pm25_available_fraction_24h,19737,6561,0.0,0.0,0.9430004559963521,0.922426713407509,-0.10696737461484838,0.018897504968560207
12,pm25_mean_72h,19293,6357,2.2495820033439733,3.1092821216278006,22.061727719816087,22.748787941372267,0.03906884005143697,0.014525952761554
12,pm25_std_72h,19293,6357,2.2495820033439733,3.1092821216278006,11.210039572273958,12.806321121413724,0.13224874250554605,0.022304417150606635
12,pm25_max_72h,19293,6357,2.2495820033439733,3.1092821216278006,64.2212356813352,70.96831838917728,0.09824871532592325,0.01939213341286134
12,pm25_available_fraction_72h,19737,6561,0.0,0.0,0.9430919367459875,0.9219123101153278,-0.12105693549507968,0.10013337870976141
12,pm25_mean_168h,19371,6377,1.8543851649186804,2.8044505410760556,22.0739154558579,22.26739137012377,0.01150261435540769,0.026715081169692532
12,pm25_std_168h,19371,6377,1.8543851649186804,2.8044505410760556,12.22339273794068,13.663219943011438,0.11891393593322828,0.026972574350846136
12,pm25_max_168h,19371,6377,1.8543851649186804,2.8044505410760556,81.80757317639771,89.3136427787361,0.08750966532334968,0.022346128422523353
12,pm25_available_fraction_168h,19737,6561,0.0,0.0,0.9432673586230357,0.9209769489261944,-0.13817735258255218,0.11751483234034968
12,latitude,19737,6561,0.0,0.0,-1.9834928,-1.9834928000000003,-6.858650769974103e-17,0.0
12,longitude,19737,6561,0.0,0.0,109.51183786333331,109.51183786333334,3.688584346325399e-15,0.0
12,utc_offset_hours,19737,6561,0.0,0.0,7.296296296296297,7.296296296296297,0.0,0.0
12,issue_hour_local_sin,19737,6561,0.0,0.0,0.934139841839798,0.934139841839798,0.0,0.0
12,issue_hour_local_cos,19737,6561,0.0,0.0,-0.32901806234210956,-0.3290180623421097,-8.934201775237021e-16,0.0
12,issue_day_of_year_sin,19737,6561,0.0,0.0,1.323664920059521e-05,0.3588310258889102,0.507605648961493,1.3592657050116201
12,issue_day_of_year_cos,19737,6561,0.0,0.0,0.0006838869993717085,-0.20923391155375404,-0.2967598058415947,0.10599710533205735
12,target_hour_local_sin,19737,6561,0.0,0.0,-0.934139841839798,-0.934139841839798,0.0,0.0
12,target_hour_local_cos,19737,6561,0.0,0.0,0.3290180623421094,0.3290180623421094,0.0,0.0
12,target_day_of_year_sin,19737,6561,0.0,0.0,1.323664920059521e-05,0.3588310258889102,0.507605648961493,1.3592657050116201
12,target_day_of_year_cos,19737,6561,0.0,0.0,0.0006838869993717085,-0.20923391155375404,-0.2967598058415947,0.10599710533205735
12,network_pm25_mean_ug_m3,19737,6561,0.0,0.0,25.39396386231056,27.03851805352557,0.13518370649946196,0.03318897471368171
12,nearby_pm25_weighted_mean_ug_m3,17157,5626,13.071895424836603,14.250876390794087,26.62183282042804,29.230612492532117,0.10120550942304725,0.021506174284455844
12,nearby_station_count,19737,6561,0.0,0.0,2.7986016111871104,2.7683279987806735,-0.016633482131356042,0.00230963884899564
12,latest_pm25_age_hours,19737,6561,0.0,0.0,31.21558494198713,314.50708733424784,0.9668488768671083,0.0
12,cams_pm25_ug_m3,19597,6561,0.7093276587120637,0.0,17.978778235045013,23.720040833978548,0.34183153867648525,0.06872619252029577
24,pm25_lag_0h,18577,6079,5.877286315042813,7.346441091297058,25.47106098939549,27.05614410264846,0.05239628057324999,0.013293670890297284
24,pm25_lag_1h,18625,6075,5.634088260627249,7.4074074074074066,22.951291275167783,24.59140740740741,0.05632415499999629,0.019115515310189197
24,pm25_lag_2h,18638,6101,5.5682221208897,7.011126352690139,21.790894945809637,23.67806916898869,0.06732879090466312,0.020195578144058524
24,pm25_lag_3h,18638,6082,5.5682221208897,7.3007163542142965,22.06245841828522,23.487898717527127,0.046049790351213406,0.01501653467505474
24,pm25_lag_6h,18648,6068,5.5175558595531236,7.514098460600518,23.642749892749894,25.288200395517467,0.06282354311158794,0.012619828511848563
24,pm25_lag_12h,18736,6106,5.0716927597912544,6.934918457552203,27.645927625960717,27.641123485096628,-0.00018879256381517732,0.010121862280518137
24,pm25_lag_24h,18579,6076,5.867153062775498,7.392165828379821,25.467603207922924,26.83207702435813,0.04510733454374028,0.01294652748726068
24,pm25_lag_48h,18580,6074,5.862086436641841,7.422648986434995,25.468040904198062,26.416792887718138,0.031367270136389964,0.01224195134946487
24,pm25_lag_72h,18582,6072,5.8519531843745245,7.453132144490169,25.469997847379183,26.057592226613966,0.019426192040465782,0.011648959519094266
24,pm25_lag_168h,18589,6059,5.816486801438922,7.651272671848804,25.473403625800206,25.034626175936623,-0.014509018320510029,0.011558298037196296
24,rh_lag_0h,19120,6310,3.126108324466738,3.825636335924402,91.46089173640168,93.05530903328051,0.17833434501610487,0.07663507796360805
24,temperature_lag_0h,18968,6310,3.8962354967826927,3.825636335924402,24.548882328131587,23.97933438985737,-0.26930072799614324,0.13313425403378848
24,rh_lag_1h,19112,6313,3.1666413335359986,3.7799115988416396,92.45696787358726,93.67162996990338,0.1412028111201562,0.05435901862608229
24,temperature_lag_1h,18961,6313,3.9317018797182954,3.7799115988416396,24.050414007700017,23.571946776492947,-0.2308963250704106,0.12459023291340741
24,rh_lag_3h,19106,6314,3.197041090337944,3.764670019814053,92.1297995394117,93.28523915109281,0.13445978361226565,0.0514962590427605
24,temperature_lag_3h,18956,6314,3.9570350103865835,3.764670019814053,24.230644650770202,23.833671206841938,-0.19212648258986953,0.10624492727901341
24,rh_lag_6h,19100,6299,3.2274408471398894,3.9932937052278614,90.90323664921466,92.21844737259883,0.1482489750189795,0.055839383032053366
24,temperature_lag_6h,18950,6299,3.9874347671885295,3.9932937052278614,24.819229551451187,24.4547547229719,-0.1737609826864456,0.08798935230180749
24,rh_lag_12h,19083,6255,3.3135734914120687,4.663923182441701,83.67271865010743,84.73956834532375,0.10108231238340032,0.013998322844223572
24,temperature_lag_12h,18929,6255,4.093833915995339,4.663923182441701,26.965719266733583,26.81445243804956,-0.06240993615223495,0.0244966560680075
24,rh_lag_24h,19122,6309,3.1159750721994226,3.840877914951989,91.45592772722519,93.0679980979553,0.18029922969092077,0.0777230906717328
24,temperature_lag_24h,18970,6309,3.886102244515377,3.840877914951989,24.547959936742224,23.981851323506103,-0.2675636736035114,0.13173118871935918
24,pm25_mean_3h,18798,6209,4.757561939504484,5.365035817710715,23.26083359931907,24.760653889515215,0.054163638110446534,0.01987675683583414
24,pm25_std_3h,18798,6209,4.757561939504484,5.365035817710715,4.3793137960794875,5.053763248776758,0.08379508204533317,0.013236208231565
24,pm25_max_3h,18798,6209,4.757561939504484,5.365035817710715,28.63780189381849,30.983346754710904,0.06647586920253074,0.0187060680986217
24,pm25_available_fraction_3h,19737,6561,0.0,0.0,0.9430680110114675,0.9274500838286847,-0.0706534214433735,0.0
24,pm25_mean_6h,18885,6248,4.316765465876273,4.770614235634811,22.720034771864796,24.00180911224925,0.04792716003005325,0.022311517676703398
24,pm25_std_6h,18885,6248,4.316765465876273,4.770614235634811,5.943198727647355,6.8636728664314575,0.08724472645759415,0.020468491531454677
24,pm25_max_6h,18885,6248,4.316765465876273,4.770614235634811,32.50458564998676,35.20393725992317,0.0637292652261465,0.02182973664959165
24,pm25_available_fraction_6h,19737,6561,0.0,0.0,0.9436168955092803,0.9271198496164204,-0.07681293062603342,0.0
24,pm25_mean_12h,19010,6285,3.6834371991690733,4.206675811614083,24.002292794177592,25.095125335064477,0.0468739881690617,0.011980153980987462
24,pm25_std_12h,19010,6285,3.6834371991690733,4.206675811614083,8.40372066592727,9.610866892625063,0.10056736791816319,0.018726757389377485
24,pm25_max_12h,19010,6285,3.6834371991690733,4.206675811614083,41.560731194108364,45.057470167064444,0.07380438602106773,0.015193316806839028
24,pm25_available_fraction_12h,19737,6561,0.0,0.0,0.9458715441387581,0.928961540415587,-0.08234505625259356,0.0
24,pm25_mean_24h,19190,6326,2.771444495110706,3.581771071483006,22.074343123840563,22.745336055107398,0.03576847136212083,0.010786960221341747
24,pm25_std_24h,19190,6326,2.771444495110706,3.581771071483006,9.744856073281058,11.213997179950358,0.12241989402801753,0.018312472175698237
24,pm25_max_24h,19190,6326,2.771444495110706,3.581771071483006,47.86767587285044,52.510796711982294,0.08845555597810101,0.013908009240325342
24,pm25_available_fraction_24h,19737,6561,0.0,0.0,0.9430785664825792,0.9219250114311842,-0.11010137527227896,0.01949806753984682
24,pm25_mean_72h,19295,6355,2.239448751076658,3.139765279682975,22.061560098657385,22.483930684293835,0.024021443971906198,0.014534904844567362
24,pm25_std_72h,19295,6355,2.239448751076658,3.139765279682975,11.209270514761512,12.640705205529775,0.11861349622107864,0.020845661173150027
24,pm25_max_72h,19295,6355,2.239448751076658,3.139765279682975,64.21896864472662,70.10815106215578,0.08577402066247046,0.01822804106294419
24,pm25_available_fraction_72h,19737,6561,0.0,0.0,0.9431798990052525,0.9214529458585242,-0.12435348987285283,0.10184407442064775
24,pm25_mean_168h,19373,6375,1.8442519126513655,2.8349336991312297,22.07416840887307,22.04455821260894,-0.0017606530183275576,0.027456513899724262
24,pm25_std_168h,19373,6375,1.8442519126513655,2.8349336991312297,12.221389056347697,13.507955253184376,0.10629146289763365,0.025587494602488742
24,pm25_max_168h,19373,6375,1.8442519126513655,2.8349336991312297,81.78990347390699,88.3445019607843,0.07649607868512359,0.021035317431599136
24,pm25_available_fraction_168h,19737,6561,0.0,0.0,0.9433620562781532,0.9204607311603196,-0.14220469558896018,0.11896569425180739
24,latitude,19737,6561,0.0,0.0,-1.9834928,-1.9834928000000003,-6.858650769974103e-17,0.0
24,longitude,19737,6561,0.0,0.0,109.51183786333331,109.51183786333334,3.688584346325399e-15,0.0
24,utc_offset_hours,19737,6561,0.0,0.0,7.296296296296297,7.296296296296297,0.0,0.0
24,issue_hour_local_sin,19737,6561,0.0,0.0,0.934139841839798,0.934139841839798,0.0,0.0
24,issue_hour_local_cos,19737,6561,0.0,0.0,-0.32901806234210956,-0.3290180623421097,-8.934201775237021e-16,0.0
24,issue_day_of_year_sin,19737,6561,0.0,0.0,-1.029557057012627e-05,0.36235938894940345,0.5126304816335793,1.3826446466977154
24,issue_day_of_year_cos,19737,6561,0.0,0.0,0.0006839882028002188,-0.2030305328151071,-0.2879902033176396,0.10337088082057919
24,target_hour_local_sin,19737,6561,0.0,0.0,0.934139841839798,0.934139841839798,0.0,0.0
24,target_hour_local_cos,19737,6561,0.0,0.0,-0.32901806234210956,-0.3290180623421097,-8.934201775237021e-16,0.0
24,target_day_of_year_sin,19737,6561,0.0,0.0,1.323664920059521e-05,0.3588310258889102,0.507605648961493,1.3592657050116201
24,target_day_of_year_cos,19737,6561,0.0,0.0,0.0006838869993717085,-0.20923391155375404,-0.2967598058415947,0.10599710533205735
24,network_pm25_mean_ug_m3,19737,6561,0.0,0.0,25.393553255133877,26.72528905572867,0.10946706547610989,0.03218080210497767
24,nearby_pm25_weighted_mean_ug_m3,17158,5624,13.066828798702943,14.28135954884926,26.617519626376776,28.873169745269273,0.08750866837154067,0.019830149160809094
24,nearby_station_count,19737,6561,0.0,0.0,2.798804276232457,2.7661941777168115,-0.017915372330477988,0.002384686544581562
24,latest_pm25_age_hours,19737,6561,0.0,0.0,31.11009778588438,316.17649748513946,0.9738871042697369,0.0
24,cams_pm25_ug_m3,19570,6561,0.8461265643208187,0.0,16.431985736262973,23.317205902907,0.41189938801194104,0.12369854433080428
48,pm25_lag_0h,18579,6076,5.867153062775498,7.392165828379821,25.467603207922924,26.83207702435813,0.04510733454374028,0.01294652748726068
48,pm25_lag_1h,18627,6070,5.623955008359933,7.483615302545344,22.952729908197778,24.36807248764415,0.048608322514608664,0.018574268409102323
48,pm25_lag_2h,18640,6097,5.558088868622384,7.0720926688004875,21.79042381974249,23.444070854518614,0.059001174616311186,0.01952797828120558
48,pm25_lag_3h,18640,6077,5.558088868622384,7.376924249352233,22.060654506437768,23.286736876748396,0.03961265859078168,0.014323023237323304
48,pm25_lag_6h,18650,6062,5.507422607285808,7.605547934766042,23.638648793565686,25.091999340151762,0.055498256156504826,0.012161005480098377
48,pm25_lag_12h,18739,6103,5.056492881390282,6.980643194634964,27.645653450024014,27.41738489267573,-0.008973286090829695,0.010678078635190392
48,pm25_lag_24h,18580,6074,5.862086436641841,7.422648986434995,25.468040904198062,26.416792887718138,0.031367270136389964,0.01224195134946487
48,pm25_lag_48h,18582,6072,5.8519531843745245,7.453132144490169,25.469997847379183,26.057592226613966,0.019426192040465782,0.011648959519094266
48,pm25_lag_72h,18584,6071,5.841819932107209,7.468373723517756,25.476689625484287,25.823669906111018,0.011470311719152013,0.01197272765816788
48,pm25_lag_168h,18590,6056,5.811420175305265,7.696997408931565,25.469042495965574,24.849372523117573,-0.02049098341368432,0.011378834488223827
48,rh_lag_0h,19122,6309,3.1159750721994226,3.840877914951989,91.45592772722519,93.0679980979553,0.18029922969092077,0.0777230906717328
48,temperature_lag_0h,18970,6309,3.886102244515377,3.840877914951989,24.547959936742224,23.981851323506103,-0.2675636736035114,0.13173118871935918
48,rh_lag_1h,19114,6311,3.156508081268683,3.810394756896814,92.45257769174428,93.68578672159721,0.14335405706248486,0.05544759322505219
48,temperature_lag_1h,18963,6311,3.9215686274509802,3.810394756896814,24.04944892685756,23.57499603866265,-0.22888449139245162,0.12309089801962655
48,rh_lag_3h,19108,6312,3.1869078380706286,3.7951531778692273,92.12601789826252,93.30339036755386,0.13699801877037676,0.052476306996996444
48,temperature_lag_3h,18958,6312,3.9469017581192687,3.7951531778692273,24.229676126173644,23.835060202788338,-0.19092360527283808,0.10561715646991894
48,rh_lag_6h,19102,6297,3.2173075948725747,4.023776863283037,90.90015809862842,92.23646180720978,0.15064098050641786,0.05734064943904709
48,temperature_lag_6h,18952,6297,3.977301514921214,4.023776863283037,24.81773427606585,24.45550262029538,-0.17265102916099964,0.08856320744042064
48,rh_lag_12h,19086,6253,3.2983736130110954,4.694406340496875,83.66873572251912,84.78842155765233,0.10609827376508757,0.014771293741535255
48,temperature_lag_12h,18932,6253,4.078634037594366,4.694406340496875,26.96457320938094,26.807836238605468,-0.06465438875774104,0.025296316447204772
48,rh_lag_24h,19124,6307,3.105841819932107,3.8713610730071637,91.45384072369797,93.08482638338354,0.18243954156487335,0.07945589310863138
48,temperature_lag_24h,18972,6307,3.875968992248062,3.8713610730071637,24.547375079063887,23.986078959885845,-0.26526015949476006,0.13076977744538687
48,pm25_mean_3h,18800,6205,4.747428687237169,5.426002133821064,23.26002925531914,24.537187751813054,0.046125685921353236,0.019130474867111502
48,pm25_std_3h,18800,6205,4.747428687237169,5.426002133821064,4.378001398077984,5.019226506269051,0.07967209301324372,0.012988108063450469
48,pm25_max_3h,18800,6205,4.747428687237169,5.426002133821064,28.63454255319149,30.714085414987913,0.05894015290253165,0.017970302851313256
48,pm25_available_fraction_3h,19737,6561,0.0,0.0,0.9431693435341407,0.9268404206675812,-0.07393785052936275,0.0
48,pm25_mean_6h,18887,6244,4.3066322136089585,4.83158055174516,22.718258237588465,23.785542387358525,0.039910124413201686,0.021596522810925722
48,pm25_std_6h,18887,6244,4.3066322136089585,4.83158055174516,5.941215748999178,6.813047241051211,0.08263706453671366,0.019552991661787297
48,pm25_max_6h,18887,6244,4.3066322136089585,4.83158055174516,32.49958701752528,34.90722293401665,0.05684464510535636,0.021000210232125918
48,pm25_available_fraction_6h,19737,6561,0.0,0.0,0.9437097836550641,0.9264593811918915,-0.08039868825184246,0.0
48,pm25_mean_12h,19012,6283,3.6733039469017585,4.237158969669258,23.998716135537094,24.895780492563482,0.0384821912694832,0.011694157446695764
48,pm25_std_12h,19012,6283,3.6733039469017585,4.237158969669258,8.401495415398523,9.536388858168172,0.09456578298503125,0.01746421862872078
48,pm25_max_12h,19012,6283,3.6733039469017585,4.237158969669258,41.5545129391963,44.704440553875536,0.0664919101319918,0.014204394069847671
48,pm25_available_fraction_12h,19737,6561,0.0,0.0,0.9459686544729866,0.9283518772544836,-0.08587822709699879,0.0
48,pm25_mean_24h,19192,6324,2.7613112428433904,3.61225422953818,22.07284741043382,22.479732990042038,0.021692571064759667,0.010860056008505438
48,pm25_std_24h,19192,6324,2.7613112428433904,3.61225422953818,9.742118673375032,11.041558881096336,0.10829686943524013,0.017115240097817938
48,pm25_max_24h,19192,6324,2.7613112428433904,3.61225422953818,47.85777407253022,51.760167615433275,0.07435192214585451,0.013397115957564293
48,pm25_available_fraction_24h,19737,6561,0.0,0.0,0.9431967877590313,0.9213852055072906,-0.11367203420228214,0.0202862521711213
48,pm25_mean_72h,19297,6353,2.229315498809343,3.1702484377381497,22.06030881761302,22.236926471436906,0.010046834605973642,0.014712576730543304
48,pm25_std_72h,19297,6353,2.229315498809343,3.1702484377381497,11.208028730599226,12.489228997423849,0.10617801996134131,0.019569564500575697
48,pm25_max_72h,19297,6353,2.229315498809343,3.1702484377381497,64.2182515416904,69.25614670234535,0.07337927578512551,0.017316180154264955
48,pm25_available_fraction_72h,19737,6561,0.0,0.0,0.9432713797548877,0.9210211011194094,-0.12752579452671345,0.10272275289564566
48,pm25_mean_168h,19375,6373,1.8341186603840505,2.8654168571864047,22.074399967984615,21.833452449948016,-0.014328683602242882,0.02783748439697755
48,pm25_std_168h,19375,6373,1.8341186603840505,2.8654168571864047,12.21948135411985,13.366520515793134,0.09479364264188112,0.02418391461898669
48,pm25_max_168h,19375,6373,1.8341186603840505,2.8654168571864047,81.77526709677419,87.39053820806528,0.06559736611015679,0.019746787363144926
48,pm25_available_fraction_168h,19737,6561,0.0,0.0,0.9434624840461593,0.9199381627365167,-0.14632546644321937,0.12079333626204047
48,latitude,19737,6561,0.0,0.0,-1.9834928,-1.9834928000000003,-6.858650769974103e-17,0.0
48,longitude,19737,6561,0.0,0.0,109.51183786333331,109.51183786333334,3.688584346325399e-15,0.0
48,utc_offset_hours,19737,6561,0.0,0.0,7.296296296296297,7.296296296296297,0.0,0.0
48,issue_hour_local_sin,19737,6561,0.0,0.0,0.934139841839798,0.934139841839798,0.0,0.0
48,issue_hour_local_cos,19737,6561,0.0,0.0,-0.32901806234210956,-0.3290180623421097,-8.934201775237021e-16,0.0
48,issue_day_of_year_sin,19737,6561,0.0,0.0,-3.382604941804197e-05,0.36578052207297806,0.5175032011239141,1.4076860098677215
48,issue_day_of_year_cos,19737,6561,0.0,0.0,0.0006836846000017297,-0.19676737851295795,-0.27913575332722057,0.1015933686404774
48,target_hour_local_sin,19737,6561,0.0,0.0,0.934139841839798,0.934139841839798,0.0,0.0
48,target_hour_local_cos,19737,6561,0.0,0.0,-0.32901806234210956,-0.3290180623421097,-8.934201775237021e-16,0.0
48,target_day_of_year_sin,19737,6561,0.0,0.0,1.323664920059521e-05,0.3588310258889102,0.507605648961493,1.3592657050116201
48,target_day_of_year_cos,19737,6561,0.0,0.0,0.0006838869993717085,-0.20923391155375404,-0.2967598058415947,0.10599710533205735
48,network_pm25_mean_ug_m3,19737,6561,0.0,0.0,25.391031899304725,26.505780956027333,0.09161846126912078,0.029368020985210228
48,nearby_pm25_weighted_mean_ug_m3,17159,5622,13.061762172569285,14.311842706904434,26.61047770583066,28.609966368173964,0.07757371917753701,0.018008786507731175
48,nearby_station_count,19737,6561,0.0,0.0,2.7991082738004764,2.764670019814053,-0.018918509516418703,0.0024981908858921916
48,latest_pm25_age_hours,19737,6561,0.0,0.0,31.006434615189747,317.83904892546866,0.980882782557812,0.0
48,cams_pm25_ug_m3,19543,6561,0.9829254699295739,0.0,16.296849193106976,23.006029498689358,0.39290251719629943,0.11718739086959021
72,pm25_lag_0h,18580,6074,5.862086436641841,7.422648986434995,25.468040904198062,26.416792887718138,0.031367270136389964,0.01224195134946487
72,pm25_lag_1h,18628,6068,5.618888382226276,7.514098460600518,22.948389521150954,23.960613052076468,0.03476657521446334,0.018270955056038107
72,pm25_lag_2h,18640,6094,5.558088868622384,7.117817405883249,21.790482832618025,23.111683623235972,0.047141384845696,0.01880296728086768
72,pm25_lag_3h,18642,6076,5.547955616355069,7.392165828379821,22.056737474519906,23.019272547728765,0.031099518668888233,0.013711374854745606
72,pm25_lag_6h,18651,6060,5.502355981152151,7.6360310928212165,23.631585437778135,24.863927392739274,0.04706529803790451,0.011615705120691426
72,pm25_lag_12h,18740,6101,5.051426255256625,7.011126352690139,27.651862326574175,27.166054745123752,-0.019100621896800514,0.011338772238229928
72,pm25_lag_24h,18582,6072,5.8519531843745245,7.453132144490169,25.469997847379183,26.057592226613966,0.019426192040465782,0.011648959519094266
72,pm25_lag_48h,18584,6071,5.841819932107209,7.468373723517756,25.476689625484287,25.823669906111018,0.011470311719152013,0.01197272765816788
72,pm25_lag_72h,18586,6067,5.831686679839895,7.529340039628106,25.47123641450554,25.468056700181307,-0.00010512536621738752,0.011714164337038289
72,pm25_lag_168h,18591,6050,5.8063535491716065,7.788446883097089,25.46808670862245,24.702132231404963,-0.025330519109439655,0.011541994737730918
72,rh_lag_0h,19124,6307,3.105841819932107,3.8713610730071637,91.45384072369797,93.08482638338354,0.18243954156487335,0.07945589310863138
72,temperature_lag_0h,18972,6307,3.875968992248062,3.8713610730071637,24.547375079063887,23.986078959885845,-0.26526015949476006,0.13076977744538687
72,rh_lag_1h,19116,6309,3.146374829001368,3.840877914951989,92.45059478970497,93.70217150103028,0.14551498339934898,0.056896383142877045
72,temperature_lag_1h,18965,6309,3.9114353751836655,3.840877914951989,24.04869496440812,23.580123632905373,-0.2260295875698184,0.12222599662535655
72,rh_lag_3h,19110,6310,3.176774585803314,3.825636335924402,92.12459183673471,93.32408874801902,0.13959475026805857,0.054211795829124554
72,temperature_lag_3h,18960,6310,3.936768505851953,3.825636335924402,24.22852848101266,23.839809825673537,-0.18802382846456978,0.104696760848008
72,rh_lag_6h,19104,6295,3.207174342605259,4.0542600213382105,90.89875523450587,92.25877680698967,0.15333824025562956,0.05857961158970937
72,temperature_lag_6h,18954,6295,3.9671682626538987,4.0542600213382105,24.81622348844571,24.458840349483722,-0.17027258408385496,0.0880358205912734
72,rh_lag_12h,19088,6251,3.2882403607437807,4.7248894985520495,83.66499842833194,84.84514477683571,0.11184192925816262,0.015984484099446635
72,temperature_lag_12h,18934,6251,4.068500785327051,4.7248894985520495,26.963172071405936,26.801151815709485,-0.06680983131869,0.026062311465033818
72,rh_lag_24h,19126,6305,3.095708567664792,3.9018442310623382,91.4516495869497,93.10388580491673,0.18483203333312495,0.08165110597569317
72,temperature_lag_24h,18974,6305,3.865835739980747,3.9018442310623382,24.54616317065458,23.989484536082475,-0.2630224957789461,0.12960118415741992
72,pm25_mean_3h,18801,6203,4.7423620611035116,5.4564852918762385,23.2584259702498,24.1587403944328,0.03251806923326428,0.018945425243331006
72,pm25_std_3h,18801,6203,4.7423620611035116,5.4564852918762385,4.377678998568841,4.9496174193499805,0.07106939729286607,0.011998272959249311
72,pm25_max_3h,18801,6203,4.7423620611035116,5.4564852918762385,28.632817403329607,30.242463324197967,0.04562541501029102,0.017580564305124256
72,pm25_available_fraction_3h,19737,6561,0.0,0.0,0.9432031210416983,0.9264847838236042,-0.07573312451864525,0.0
72,pm25_mean_6h,18888,6243,4.3015655874753,4.846822130772748,22.715007765071295,23.480817181910403,0.028638743321303662,0.021220986205431957
72,pm25_std_6h,18888,6243,4.3015655874753,4.846822130772748,5.9402980370394705,6.707532546531341,0.07272719144955579,0.018266572678135577
72,pm25_max_6h,18888,6243,4.3015655874753,4.846822130772748,32.49566920796273,34.42737465961877,0.04561084857677172,0.02015902942728896
72,pm25_available_fraction_6h,19737,6561,0.0,0.0,0.9437604499164006,0.9261037443479143,-0.08233255892997476,0.0
72,pm25_mean_12h,19013,6282,3.668237320768101,4.252400548696845,23.99364132606467,24.63994633479471,0.027733346788804306,0.011484022328096503
72,pm25_std_12h,19013,6282,3.668237320768101,4.252400548696845,8.400383533744641,9.427083377569618,0.08558481225990285,0.016019367062140622
72,pm25_max_12h,19013,6282,3.668237320768101,4.252400548696845,41.54807763109451,44.199856733524356,0.05599794576936523,0.013509487846726492
72,pm25_available_fraction_12h,19737,6561,0.0,0.0,0.9460193207343229,0.9279962404105064,-0.08790609179669438,0.0
72,pm25_mean_24h,19194,6322,2.7511779905760756,3.6427373875933546,22.07219504844947,22.22199402865197,0.007988341826965369,0.010933902629187543
72,pm25_std_24h,19194,6322,2.7511779905760756,3.6427373875933546,9.741699732728234,10.911965580343544,0.0975654300600244,0.015913839817029426
72,pm25_max_24h,19194,6322,2.7511779905760756,3.6427373875933546,47.859690528290095,51.15006327111673,0.06271137144690297,0.012384617766430576
72,pm25_available_fraction_24h,19737,6561,0.0,0.0,0.9432643427741466,0.921048620637098,-0.11589441520140394,0.020724669579845444
72,pm25_mean_72h,19299,6351,2.2191822465420277,3.2007315957933242,22.0596799231669,22.017016123977314,-0.0024273713423948384,0.01472600506670042
72,pm25_std_72h,19299,6351,2.2191822465420277,3.2007315957933242,11.205306504248291,12.366637513434968,0.0963161565449586,0.018345405292135124
72,pm25_max_72h,19299,6351,2.2191822465420277,3.2007315957933242,64.19823306907095,68.59612659423713,0.06416454328762679,0.016347724834582786
72,pm25_available_fraction_72h,19737,6561,0.0,0.0,0.9433501939391892,0.9205596199766296,-0.13080737439251722,0.10298869210742295
72,pm25_mean_168h,19377,6371,1.823985408116735,2.8959000152415793,22.074641514905142,21.63620475678508,-0.02607524718502425,0.028123602095371666
72,pm25_std_168h,19377,6371,1.823985408116735,2.8959000152415793,12.218639214806203,13.245898972405174,0.08491812889560102,0.022853092825341818
72,pm25_max_168h,19377,6371,1.823985408116735,2.8959000152415793,81.77272539608813,86.60602731125412,0.05651047354888364,0.018369992723998113
72,pm25_available_fraction_168h,19737,6561,0.0,0.0,0.9435601975501656,0.9194301101022637,-0.15035758549462713,0.12218700229814478
72,latitude,19737,6561,0.0,0.0,-1.9834928,-1.9834928000000003,-6.858650769974103e-17,0.0
72,longitude,19737,6561,0.0,0.0,109.51183786333331,109.51183786333334,3.688584346325399e-15,0.0
72,utc_offset_hours,19737,6561,0.0,0.0,7.296296296296297,7.296296296296297,0.0,0.0
72,issue_hour_local_sin,19737,6561,0.0,0.0,0.934139841839798,0.934139841839798,0.0,0.0
72,issue_hour_local_cos,19737,6561,0.0,0.0,-0.32901806234210956,-0.3290180623421097,-8.934201775237021e-16,0.0
72,issue_day_of_year_sin,19737,6561,0.0,0.0,-5.7347824295929546e-05,0.3690934128913022,0.5222223542532445,1.4388242437780376
72,issue_day_of_year_cos,19737,6561,0.0,0.0,0.0006829762808171593,-0.19044630201542886,-0.2701990542776846,0.10064904641050099
72,target_hour_local_sin,19737,6561,0.0,0.0,0.934139841839798,0.934139841839798,0.0,0.0
72,target_hour_local_cos,19737,6561,0.0,0.0,-0.32901806234210956,-0.3290180623421097,-8.934201775237021e-16,0.0
72,target_day_of_year_sin,19737,6561,0.0,0.0,1.323664920059521e-05,0.3588310258889102,0.507605648961493,1.3592657050116201
72,target_day_of_year_cos,19737,6561,0.0,0.0,0.0006838869993717085,-0.20923391155375404,-0.2967598058415947,0.10599710533205735
72,network_pm25_mean_ug_m3,19737,6561,0.0,0.0,25.391937508059854,26.10172904086431,0.05833914246814159,0.029314284150198627
72,nearby_pm25_weighted_mean_ug_m3,17160,5622,13.056695546435629,14.311842706904434,26.61634186158155,28.12895618121523,0.058689229122736865,0.016381844271312025
72,nearby_station_count,19737,6561,0.0,0.0,2.7993109388458226,2.763907940862673,-0.019446464721363025,0.002542270355967657
72,latest_pm25_age_hours,19737,6561,0.0,0.0,30.905963418959313,319.49032159731746,0.9878163643282469,0.0
72,cams_pm25_ug_m3,19516,6561,1.119724375538329,0.0,16.142304968233653,22.658095262042117,0.3717898435783864,0.10912543119095863
