model,forecast_hour,feature,gain_or_split_importance,normalized_importance_pct
cams_lgbm,3,pm25_lag_0h,552.0,4.23963133640553
cams_lgbm,3,pm25_lag_1h,250.0,1.9201228878648233
cams_lgbm,3,pm25_lag_2h,207.0,1.5898617511520738
cams_lgbm,3,pm25_lag_3h,257.0,1.9738863287250383
cams_lgbm,3,pm25_lag_6h,286.0,2.196620583717358
cams_lgbm,3,pm25_lag_12h,339.0,2.6036866359447006
cams_lgbm,3,pm25_lag_24h,320.0,2.457757296466974
cams_lgbm,3,pm25_lag_48h,323.0,2.4807987711213517
cams_lgbm,3,pm25_lag_72h,361.0,2.772657450076805
cams_lgbm,3,pm25_lag_168h,353.0,2.7112135176651306
cams_lgbm,3,rh_lag_0h,134.0,1.0291858678955452
cams_lgbm,3,temperature_lag_0h,229.0,1.758832565284178
cams_lgbm,3,rh_lag_1h,107.0,0.8218125960061444
cams_lgbm,3,temperature_lag_1h,164.0,1.2596006144393241
cams_lgbm,3,rh_lag_3h,116.0,0.890937019969278
cams_lgbm,3,temperature_lag_3h,169.0,1.2980030721966205
cams_lgbm,3,rh_lag_6h,150.0,1.152073732718894
cams_lgbm,3,temperature_lag_6h,127.0,0.9754224270353302
cams_lgbm,3,rh_lag_12h,248.0,1.9047619047619047
cams_lgbm,3,temperature_lag_12h,308.0,2.3655913978494625
cams_lgbm,3,rh_lag_24h,123.0,0.9447004608294931
cams_lgbm,3,temperature_lag_24h,302.0,2.3195084485407067
cams_lgbm,3,pm25_mean_3h,163.0,1.251920122887865
cams_lgbm,3,pm25_std_3h,260.0,1.9969278033794162
cams_lgbm,3,pm25_max_3h,136.0,1.044546850998464
cams_lgbm,3,pm25_available_fraction_3h,0.0,0.0
cams_lgbm,3,pm25_mean_6h,200.0,1.5360983102918586
cams_lgbm,3,pm25_std_6h,237.0,1.8202764976958525
cams_lgbm,3,pm25_max_6h,132.0,1.0138248847926268
cams_lgbm,3,pm25_available_fraction_6h,1.0,0.007680491551459293
cams_lgbm,3,pm25_mean_12h,190.0,1.4592933947772657
cams_lgbm,3,pm25_std_12h,263.0,2.0199692780337943
cams_lgbm,3,pm25_max_12h,152.0,1.1674347158218126
cams_lgbm,3,pm25_available_fraction_12h,3.0,0.02304147465437788
cams_lgbm,3,pm25_mean_24h,498.0,3.824884792626728
cams_lgbm,3,pm25_std_24h,452.0,3.471582181259601
cams_lgbm,3,pm25_max_24h,176.0,1.3517665130568357
cams_lgbm,3,pm25_available_fraction_24h,22.0,0.16897081413210446
cams_lgbm,3,pm25_mean_72h,264.0,2.0276497695852536
cams_lgbm,3,pm25_std_72h,208.0,1.597542242703533
cams_lgbm,3,pm25_max_72h,174.0,1.336405529953917
cams_lgbm,3,pm25_available_fraction_72h,22.0,0.16897081413210446
cams_lgbm,3,pm25_mean_168h,306.0,2.3502304147465436
cams_lgbm,3,pm25_std_168h,202.0,1.5514592933947773
cams_lgbm,3,pm25_max_168h,203.0,1.5591397849462365
cams_lgbm,3,pm25_available_fraction_168h,79.0,0.6067588325652842
cams_lgbm,3,latitude,241.0,1.8509984639016897
cams_lgbm,3,longitude,274.0,2.1044546850998462
cams_lgbm,3,utc_offset_hours,2.0,0.015360983102918587
cams_lgbm,3,issue_hour_local_sin,0.0,0.0
cams_lgbm,3,issue_hour_local_cos,0.0,0.0
cams_lgbm,3,issue_day_of_year_sin,442.0,3.3947772657450077
cams_lgbm,3,issue_day_of_year_cos,345.0,2.6497695852534564
cams_lgbm,3,target_hour_local_sin,0.0,0.0
cams_lgbm,3,target_hour_local_cos,0.0,0.0
cams_lgbm,3,target_day_of_year_sin,60.0,0.4608294930875576
cams_lgbm,3,target_day_of_year_cos,50.0,0.38402457757296465
cams_lgbm,3,network_pm25_mean_ug_m3,358.0,2.749615975422427
cams_lgbm,3,nearby_pm25_weighted_mean_ug_m3,510.0,3.9170506912442398
cams_lgbm,3,nearby_station_count,103.0,0.7910906298003072
cams_lgbm,3,latest_pm25_age_hours,1.0,0.007680491551459293
cams_lgbm,3,cams_pm25_ug_m3,601.0,4.615975422427035
cams_lgbm,3,station_code_BANJARBARU2,21.0,0.16129032258064516
cams_lgbm,3,station_code_BATAM2,12.0,0.09216589861751152
cams_lgbm,3,station_code_BENGKULU,8.0,0.06144393241167435
cams_lgbm,3,station_code_INDRAPURI2,0.0,0.0
cams_lgbm,3,station_code_JAMBI3,0.0,0.0
cams_lgbm,3,station_code_JAMBI4,4.0,0.030721966205837174
cams_lgbm,3,station_code_KEMAYORAN3,3.0,0.02304147465437788
cams_lgbm,3,station_code_KOTABARU,19.0,0.14592933947772657
cams_lgbm,3,station_code_KOTOTABANG2,0.0,0.0
cams_lgbm,3,station_code_MALANG,0.0,0.0
cams_lgbm,3,station_code_MAROS,0.0,0.0
cams_lgbm,3,station_code_MEDAN2,0.0,0.0
cams_lgbm,3,station_code_MLATI,1.0,0.007680491551459293
cams_lgbm,3,station_code_PALANGKARAYA2,0.0,0.0
cams_lgbm,3,station_code_PALEMBANG3,35.0,0.26881720430107525
cams_lgbm,3,station_code_PALEMBANG4,11.0,0.08448540706605223
cams_lgbm,3,station_code_PALU,1.0,0.007680491551459293
cams_lgbm,3,station_code_PANGKALANBUN2,18.0,0.1382488479262673
cams_lgbm,3,station_code_PEKANBARU2,1.0,0.007680491551459293
cams_lgbm,3,station_code_PESAWARAN,1.0,0.007680491551459293
cams_lgbm,3,station_code_PONTIANAK2,18.0,0.1382488479262673
cams_lgbm,3,station_code_SAMARINDA2,3.0,0.02304147465437788
cams_lgbm,3,station_code_SEMARANG,10.0,0.07680491551459294
cams_lgbm,3,station_code_SINTANG,20.0,0.15360983102918588
cams_lgbm,3,station_code_SORONG,0.0,0.0
cams_lgbm,3,station_code_SUPADIO,13.0,0.09984639016897082
cams_lgbm,3,station_code_TANJUNGHARAPAN2,0.0,0.0
cams_lgbm,3,station_code_nan,0.0,0.0
cams_lgbm,3,region_Java,0.0,0.0
cams_lgbm,3,region_Kalimantan,52.0,0.39938556067588327
cams_lgbm,3,region_Papua,0.0,0.0
cams_lgbm,3,region_Sulawesi,0.0,0.0
cams_lgbm,3,region_Sumatra,11.0,0.08448540706605223
cams_lgbm,3,region_nan,0.0,0.0
cams_lgbm,3,timezone_WIB,0.0,0.0
cams_lgbm,3,timezone_WIT,0.0,0.0
cams_lgbm,3,timezone_WITA,3.0,0.02304147465437788
cams_lgbm,3,timezone_nan,0.0,0.0
cams_lgbm,6,pm25_lag_0h,385.0,2.8882220555138787
cams_lgbm,6,pm25_lag_1h,212.0,1.59039759939985
cams_lgbm,6,pm25_lag_2h,226.0,1.695423855963991
cams_lgbm,6,pm25_lag_3h,214.0,1.6054013503375844
cams_lgbm,6,pm25_lag_6h,253.0,1.8979744936234058
cams_lgbm,6,pm25_lag_12h,403.0,3.0232558139534884
cams_lgbm,6,pm25_lag_24h,386.0,2.895723930982746
cams_lgbm,6,pm25_lag_48h,288.0,2.1605401350337585
cams_lgbm,6,pm25_lag_72h,323.0,2.423105776444111
cams_lgbm,6,pm25_lag_168h,408.0,3.0607651912978247
cams_lgbm,6,rh_lag_0h,118.0,0.8852213053263316
cams_lgbm,6,temperature_lag_0h,183.0,1.3728432108027007
cams_lgbm,6,rh_lag_1h,119.0,0.8927231807951987
cams_lgbm,6,temperature_lag_1h,156.0,1.1702925731432858
cams_lgbm,6,rh_lag_3h,109.0,0.8177044261065266
cams_lgbm,6,temperature_lag_3h,146.0,1.0952738184546136
cams_lgbm,6,rh_lag_6h,113.0,0.8477119279819955
cams_lgbm,6,temperature_lag_6h,157.0,1.177794448612153
cams_lgbm,6,rh_lag_12h,221.0,1.657914478619655
cams_lgbm,6,temperature_lag_12h,279.0,2.0930232558139537
cams_lgbm,6,rh_lag_24h,189.0,1.417854463615904
cams_lgbm,6,temperature_lag_24h,313.0,2.348087021755439
cams_lgbm,6,pm25_mean_3h,159.0,1.1927981995498875
cams_lgbm,6,pm25_std_3h,279.0,2.0930232558139537
cams_lgbm,6,pm25_max_3h,134.0,1.005251312828207
cams_lgbm,6,pm25_available_fraction_3h,1.0,0.007501875468867217
cams_lgbm,6,pm25_mean_6h,135.0,1.0127531882970742
cams_lgbm,6,pm25_std_6h,257.0,1.9279819954988746
cams_lgbm,6,pm25_max_6h,116.0,0.8702175543885972
cams_lgbm,6,pm25_available_fraction_6h,4.0,0.030007501875468866
cams_lgbm,6,pm25_mean_12h,117.0,0.8777194298574643
cams_lgbm,6,pm25_std_12h,281.0,2.108027006751688
cams_lgbm,6,pm25_max_12h,123.0,0.9227306826706677
cams_lgbm,6,pm25_available_fraction_12h,15.0,0.11252813203300825
cams_lgbm,6,pm25_mean_24h,542.0,4.066016504126032
cams_lgbm,6,pm25_std_24h,506.0,3.7959489872468115
cams_lgbm,6,pm25_max_24h,166.0,1.245311327831958
cams_lgbm,6,pm25_available_fraction_24h,12.0,0.0900225056264066
cams_lgbm,6,pm25_mean_72h,311.0,2.3330832708177045
cams_lgbm,6,pm25_std_72h,368.0,2.7606901725431356
cams_lgbm,6,pm25_max_72h,162.0,1.2153038259564892
cams_lgbm,6,pm25_available_fraction_72h,45.0,0.33758439609902474
cams_lgbm,6,pm25_mean_168h,371.0,2.7831957989497376
cams_lgbm,6,pm25_std_168h,267.0,2.003000750187547
cams_lgbm,6,pm25_max_168h,207.0,1.5528882220555138
cams_lgbm,6,pm25_available_fraction_168h,60.0,0.450112528132033
cams_lgbm,6,latitude,181.0,1.3578394598649663
cams_lgbm,6,longitude,194.0,1.45536384096024
cams_lgbm,6,utc_offset_hours,1.0,0.007501875468867217
cams_lgbm,6,issue_hour_local_sin,0.0,0.0
cams_lgbm,6,issue_hour_local_cos,0.0,0.0
cams_lgbm,6,issue_day_of_year_sin,449.0,3.3683420855213804
cams_lgbm,6,issue_day_of_year_cos,452.0,3.390847711927982
cams_lgbm,6,target_hour_local_sin,0.0,0.0
cams_lgbm,6,target_hour_local_cos,0.0,0.0
cams_lgbm,6,target_day_of_year_sin,59.0,0.4426106526631658
cams_lgbm,6,target_day_of_year_cos,53.0,0.3975993998499625
cams_lgbm,6,network_pm25_mean_ug_m3,379.0,2.8432108027006753
cams_lgbm,6,nearby_pm25_weighted_mean_ug_m3,569.0,4.2685671417854465
cams_lgbm,6,nearby_station_count,52.0,0.3900975243810953
cams_lgbm,6,latest_pm25_age_hours,1.0,0.007501875468867217
cams_lgbm,6,cams_pm25_ug_m3,725.0,5.438859714928732
cams_lgbm,6,station_code_BANJARBARU2,0.0,0.0
cams_lgbm,6,station_code_BATAM2,11.0,0.08252063015753938
cams_lgbm,6,station_code_BENGKULU,81.0,0.6076519129782446
cams_lgbm,6,station_code_INDRAPURI2,0.0,0.0
cams_lgbm,6,station_code_JAMBI3,5.0,0.037509377344336084
cams_lgbm,6,station_code_JAMBI4,5.0,0.037509377344336084
cams_lgbm,6,station_code_KEMAYORAN3,6.0,0.0450112528132033
cams_lgbm,6,station_code_KOTABARU,16.0,0.12003000750187547
cams_lgbm,6,station_code_KOTOTABANG2,0.0,0.0
cams_lgbm,6,station_code_MALANG,1.0,0.007501875468867217
cams_lgbm,6,station_code_MAROS,7.0,0.05251312828207052
cams_lgbm,6,station_code_MEDAN2,0.0,0.0
cams_lgbm,6,station_code_MLATI,4.0,0.030007501875468866
cams_lgbm,6,station_code_PALANGKARAYA2,0.0,0.0
cams_lgbm,6,station_code_PALEMBANG3,40.0,0.30007501875468867
cams_lgbm,6,station_code_PALEMBANG4,0.0,0.0
cams_lgbm,6,station_code_PALU,0.0,0.0
cams_lgbm,6,station_code_PANGKALANBUN2,28.0,0.21005251312828208
cams_lgbm,6,station_code_PEKANBARU2,2.0,0.015003750937734433
cams_lgbm,6,station_code_PESAWARAN,18.0,0.1350337584396099
cams_lgbm,6,station_code_PONTIANAK2,1.0,0.007501875468867217
cams_lgbm,6,station_code_SAMARINDA2,8.0,0.06001500375093773
cams_lgbm,6,station_code_SEMARANG,74.0,0.5551387846961741
cams_lgbm,6,station_code_SINTANG,16.0,0.12003000750187547
cams_lgbm,6,station_code_SORONG,0.0,0.0
cams_lgbm,6,station_code_SUPADIO,17.0,0.1275318829707427
cams_lgbm,6,station_code_TANJUNGHARAPAN2,0.0,0.0
cams_lgbm,6,station_code_nan,0.0,0.0
cams_lgbm,6,region_Java,0.0,0.0
cams_lgbm,6,region_Kalimantan,29.0,0.2175543885971493
cams_lgbm,6,region_Papua,0.0,0.0
cams_lgbm,6,region_Sulawesi,0.0,0.0
cams_lgbm,6,region_Sumatra,4.0,0.030007501875468866
cams_lgbm,6,region_nan,0.0,0.0
cams_lgbm,6,timezone_WIB,0.0,0.0
cams_lgbm,6,timezone_WIT,0.0,0.0
cams_lgbm,6,timezone_WITA,3.0,0.02250562640660165
cams_lgbm,6,timezone_nan,0.0,0.0
cams_lgbm,12,pm25_lag_0h,385.0,2.861602497398543
cams_lgbm,12,pm25_lag_1h,190.0,1.4122194143005797
cams_lgbm,12,pm25_lag_2h,214.0,1.5906050245280214
cams_lgbm,12,pm25_lag_3h,216.0,1.605470492046975
cams_lgbm,12,pm25_lag_6h,252.0,1.8730489073881373
cams_lgbm,12,pm25_lag_12h,484.0,3.59744313958674
cams_lgbm,12,pm25_lag_24h,337.0,2.50483127694366
cams_lgbm,12,pm25_lag_48h,403.0,2.9953917050691246
cams_lgbm,12,pm25_lag_72h,376.0,2.7947078935632526
cams_lgbm,12,pm25_lag_168h,417.0,3.0994499777017985
cams_lgbm,12,rh_lag_0h,147.0,1.09261186264308
cams_lgbm,12,temperature_lag_0h,249.0,1.850750706109707
cams_lgbm,12,rh_lag_1h,113.0,0.8398989148208711
cams_lgbm,12,temperature_lag_1h,256.0,1.9027798424260443
cams_lgbm,12,rh_lag_3h,100.0,0.7432733759476735
cams_lgbm,12,temperature_lag_3h,195.0,1.4493830830979635
cams_lgbm,12,rh_lag_6h,160.0,1.1892374015162777
cams_lgbm,12,temperature_lag_6h,210.0,1.5608740894901145
cams_lgbm,12,rh_lag_12h,201.0,1.4939794856548239
cams_lgbm,12,temperature_lag_12h,312.0,2.3190129329567415
cams_lgbm,12,rh_lag_24h,177.0,1.3155938754273822
cams_lgbm,12,temperature_lag_24h,299.0,2.222387394083544
cams_lgbm,12,pm25_mean_3h,109.0,0.8101679797829642
cams_lgbm,12,pm25_std_3h,295.0,2.192656459045637
cams_lgbm,12,pm25_max_3h,146.0,1.0851791288836035
cams_lgbm,12,pm25_available_fraction_3h,0.0,0.0
cams_lgbm,12,pm25_mean_6h,152.0,1.1297755314404638
cams_lgbm,12,pm25_std_6h,262.0,1.9473762449829046
cams_lgbm,12,pm25_max_6h,164.0,1.2189683365541846
cams_lgbm,12,pm25_available_fraction_6h,0.0,0.0
cams_lgbm,12,pm25_mean_12h,247.0,1.8358852385907536
cams_lgbm,12,pm25_std_12h,219.0,1.6277686933254052
cams_lgbm,12,pm25_max_12h,201.0,1.4939794856548239
cams_lgbm,12,pm25_available_fraction_12h,2.0,0.01486546751895347
cams_lgbm,12,pm25_mean_24h,295.0,2.192656459045637
cams_lgbm,12,pm25_std_24h,249.0,1.850750706109707
cams_lgbm,12,pm25_max_24h,189.0,1.4047866805411031
cams_lgbm,12,pm25_available_fraction_24h,16.0,0.11892374015162777
cams_lgbm,12,pm25_mean_72h,244.0,1.8135870373123235
cams_lgbm,12,pm25_std_72h,236.0,1.7541251672365097
cams_lgbm,12,pm25_max_72h,203.0,1.5088449531737773
cams_lgbm,12,pm25_available_fraction_72h,27.0,0.20068381150587186
cams_lgbm,12,pm25_mean_168h,281.0,2.0885981864129626
cams_lgbm,12,pm25_std_168h,239.0,1.7764233685149398
cams_lgbm,12,pm25_max_168h,239.0,1.7764233685149398
cams_lgbm,12,pm25_available_fraction_168h,126.0,0.9365244536940687
cams_lgbm,12,latitude,240.0,1.7838561022744166
cams_lgbm,12,longitude,298.0,2.214954660324067
cams_lgbm,12,utc_offset_hours,0.0,0.0
cams_lgbm,12,issue_hour_local_sin,4.0,0.02973093503790694
cams_lgbm,12,issue_hour_local_cos,0.0,0.0
cams_lgbm,12,issue_day_of_year_sin,360.0,2.675784153411625
cams_lgbm,12,issue_day_of_year_cos,382.0,2.839304296120113
cams_lgbm,12,target_hour_local_sin,0.0,0.0
cams_lgbm,12,target_hour_local_cos,0.0,0.0
cams_lgbm,12,target_day_of_year_sin,65.0,0.4831276943659878
cams_lgbm,12,target_day_of_year_cos,54.0,0.4013676230117437
cams_lgbm,12,network_pm25_mean_ug_m3,369.0,2.7426787572469156
cams_lgbm,12,nearby_pm25_weighted_mean_ug_m3,426.0,3.166344581537089
cams_lgbm,12,nearby_station_count,163.0,1.211535602794708
cams_lgbm,12,latest_pm25_age_hours,0.0,0.0
cams_lgbm,12,cams_pm25_ug_m3,762.0,5.663743124721273
cams_lgbm,12,station_code_BANJARBARU2,6.0,0.04459640255686041
cams_lgbm,12,station_code_BATAM2,14.0,0.1040582726326743
cams_lgbm,12,station_code_BENGKULU,0.0,0.0
cams_lgbm,12,station_code_INDRAPURI2,0.0,0.0
cams_lgbm,12,station_code_JAMBI3,11.0,0.0817600713542441
cams_lgbm,12,station_code_JAMBI4,0.0,0.0
cams_lgbm,12,station_code_KEMAYORAN3,20.0,0.1486546751895347
cams_lgbm,12,station_code_KOTABARU,2.0,0.01486546751895347
cams_lgbm,12,station_code_KOTOTABANG2,34.0,0.252712947822209
cams_lgbm,12,station_code_MALANG,0.0,0.0
cams_lgbm,12,station_code_MAROS,5.0,0.03716366879738368
cams_lgbm,12,station_code_MEDAN2,0.0,0.0
cams_lgbm,12,station_code_MLATI,2.0,0.01486546751895347
cams_lgbm,12,station_code_PALANGKARAYA2,0.0,0.0
cams_lgbm,12,station_code_PALEMBANG3,29.0,0.21554927902482532
cams_lgbm,12,station_code_PALEMBANG4,16.0,0.11892374015162777
cams_lgbm,12,station_code_PALU,0.0,0.0
cams_lgbm,12,station_code_PANGKALANBUN2,32.0,0.23784748030325553
cams_lgbm,12,station_code_PEKANBARU2,13.0,0.09662553887319757
cams_lgbm,12,station_code_PESAWARAN,13.0,0.09662553887319757
cams_lgbm,12,station_code_PONTIANAK2,66.0,0.4905604281254645
cams_lgbm,12,station_code_SAMARINDA2,42.0,0.31217481789802287
cams_lgbm,12,station_code_SEMARANG,6.0,0.04459640255686041
cams_lgbm,12,station_code_SINTANG,21.0,0.15608740894901144
cams_lgbm,12,station_code_SORONG,0.0,0.0
cams_lgbm,12,station_code_SUPADIO,59.0,0.4385312918091274
cams_lgbm,12,station_code_TANJUNGHARAPAN2,47.0,0.34933848669540657
cams_lgbm,12,station_code_nan,0.0,0.0
cams_lgbm,12,region_Java,4.0,0.02973093503790694
cams_lgbm,12,region_Kalimantan,24.0,0.17838561022744165
cams_lgbm,12,region_Papua,0.0,0.0
cams_lgbm,12,region_Sulawesi,2.0,0.01486546751895347
cams_lgbm,12,region_Sumatra,9.0,0.06689460383529063
cams_lgbm,12,region_nan,0.0,0.0
cams_lgbm,12,timezone_WIB,0.0,0.0
cams_lgbm,12,timezone_WIT,0.0,0.0
cams_lgbm,12,timezone_WITA,20.0,0.1486546751895347
cams_lgbm,12,timezone_nan,0.0,0.0
cams_lgbm,24,pm25_lag_0h,169.0,2.8393817204301075
cams_lgbm,24,pm25_lag_1h,78.0,1.310483870967742
cams_lgbm,24,pm25_lag_2h,70.0,1.1760752688172043
cams_lgbm,24,pm25_lag_3h,65.0,1.0920698924731183
cams_lgbm,24,pm25_lag_6h,60.0,1.0080645161290323
cams_lgbm,24,pm25_lag_12h,96.0,1.6129032258064515
cams_lgbm,24,pm25_lag_24h,212.0,3.5618279569892475
cams_lgbm,24,pm25_lag_48h,156.0,2.620967741935484
cams_lgbm,24,pm25_lag_72h,150.0,2.5201612903225805
cams_lgbm,24,pm25_lag_168h,199.0,3.3434139784946235
cams_lgbm,24,rh_lag_0h,127.0,2.133736559139785
cams_lgbm,24,temperature_lag_0h,72.0,1.2096774193548387
cams_lgbm,24,rh_lag_1h,48.0,0.8064516129032258
cams_lgbm,24,temperature_lag_1h,112.0,1.881720430107527
cams_lgbm,24,rh_lag_3h,36.0,0.6048387096774194
cams_lgbm,24,temperature_lag_3h,89.0,1.4952956989247312
cams_lgbm,24,rh_lag_6h,57.0,0.9576612903225806
cams_lgbm,24,temperature_lag_6h,78.0,1.310483870967742
cams_lgbm,24,rh_lag_12h,130.0,2.1841397849462365
cams_lgbm,24,temperature_lag_12h,97.0,1.6297043010752688
cams_lgbm,24,rh_lag_24h,43.0,0.7224462365591398
cams_lgbm,24,temperature_lag_24h,117.0,1.965725806451613
cams_lgbm,24,pm25_mean_3h,120.0,2.0161290322580645
cams_lgbm,24,pm25_std_3h,85.0,1.4280913978494623
cams_lgbm,24,pm25_max_3h,94.0,1.5793010752688172
cams_lgbm,24,pm25_available_fraction_3h,0.0,0.0
cams_lgbm,24,pm25_mean_6h,111.0,1.8649193548387097
cams_lgbm,24,pm25_std_6h,83.0,1.394489247311828
cams_lgbm,24,pm25_max_6h,68.0,1.14247311827957
cams_lgbm,24,pm25_available_fraction_6h,0.0,0.0
cams_lgbm,24,pm25_mean_12h,58.0,0.9744623655913979
cams_lgbm,24,pm25_std_12h,58.0,0.9744623655913979
cams_lgbm,24,pm25_max_12h,56.0,0.9408602150537635
cams_lgbm,24,pm25_available_fraction_12h,0.0,0.0
cams_lgbm,24,pm25_mean_24h,130.0,2.1841397849462365
cams_lgbm,24,pm25_std_24h,89.0,1.4952956989247312
cams_lgbm,24,pm25_max_24h,43.0,0.7224462365591398
cams_lgbm,24,pm25_available_fraction_24h,3.0,0.05040322580645161
cams_lgbm,24,pm25_mean_72h,128.0,2.150537634408602
cams_lgbm,24,pm25_std_72h,83.0,1.394489247311828
cams_lgbm,24,pm25_max_72h,60.0,1.0080645161290323
cams_lgbm,24,pm25_available_fraction_72h,11.0,0.18481182795698925
cams_lgbm,24,pm25_mean_168h,230.0,3.864247311827957
cams_lgbm,24,pm25_std_168h,59.0,0.991263440860215
cams_lgbm,24,pm25_max_168h,83.0,1.394489247311828
cams_lgbm,24,pm25_available_fraction_168h,24.0,0.4032258064516129
cams_lgbm,24,latitude,244.0,4.099462365591398
cams_lgbm,24,longitude,131.0,2.200940860215054
cams_lgbm,24,utc_offset_hours,0.0,0.0
cams_lgbm,24,issue_hour_local_sin,0.0,0.0
cams_lgbm,24,issue_hour_local_cos,0.0,0.0
cams_lgbm,24,issue_day_of_year_sin,114.0,1.9153225806451613
cams_lgbm,24,issue_day_of_year_cos,129.0,2.1673387096774195
cams_lgbm,24,target_hour_local_sin,0.0,0.0
cams_lgbm,24,target_hour_local_cos,0.0,0.0
cams_lgbm,24,target_day_of_year_sin,111.0,1.8649193548387097
cams_lgbm,24,target_day_of_year_cos,68.0,1.14247311827957
cams_lgbm,24,network_pm25_mean_ug_m3,238.0,3.9986559139784945
cams_lgbm,24,nearby_pm25_weighted_mean_ug_m3,228.0,3.8306451612903225
cams_lgbm,24,nearby_station_count,42.0,0.7056451612903226
cams_lgbm,24,latest_pm25_age_hours,0.0,0.0
cams_lgbm,24,cams_pm25_ug_m3,548.0,9.206989247311828
cams_lgbm,24,station_code_BANJARBARU2,8.0,0.13440860215053763
cams_lgbm,24,station_code_BATAM2,16.0,0.26881720430107525
cams_lgbm,24,station_code_BENGKULU,21.0,0.3528225806451613
cams_lgbm,24,station_code_INDRAPURI2,0.0,0.0
cams_lgbm,24,station_code_JAMBI3,0.0,0.0
cams_lgbm,24,station_code_JAMBI4,3.0,0.05040322580645161
cams_lgbm,24,station_code_KEMAYORAN3,2.0,0.033602150537634407
cams_lgbm,24,station_code_KOTABARU,1.0,0.016801075268817203
cams_lgbm,24,station_code_KOTOTABANG2,6.0,0.10080645161290322
cams_lgbm,24,station_code_MALANG,2.0,0.033602150537634407
cams_lgbm,24,station_code_MAROS,0.0,0.0
cams_lgbm,24,station_code_MEDAN2,0.0,0.0
cams_lgbm,24,station_code_MLATI,55.0,0.9240591397849462
cams_lgbm,24,station_code_PALANGKARAYA2,3.0,0.05040322580645161
cams_lgbm,24,station_code_PALEMBANG3,8.0,0.13440860215053763
cams_lgbm,24,station_code_PALEMBANG4,1.0,0.016801075268817203
cams_lgbm,24,station_code_PALU,0.0,0.0
cams_lgbm,24,station_code_PANGKALANBUN2,1.0,0.016801075268817203
cams_lgbm,24,station_code_PEKANBARU2,3.0,0.05040322580645161
cams_lgbm,24,station_code_PESAWARAN,3.0,0.05040322580645161
cams_lgbm,24,station_code_PONTIANAK2,2.0,0.033602150537634407
cams_lgbm,24,station_code_SAMARINDA2,0.0,0.0
cams_lgbm,24,station_code_SEMARANG,4.0,0.06720430107526881
cams_lgbm,24,station_code_SINTANG,7.0,0.11760752688172044
cams_lgbm,24,station_code_SORONG,0.0,0.0
cams_lgbm,24,station_code_SUPADIO,5.0,0.08400537634408602
cams_lgbm,24,station_code_TANJUNGHARAPAN2,1.0,0.016801075268817203
cams_lgbm,24,station_code_nan,0.0,0.0
cams_lgbm,24,region_Java,1.0,0.016801075268817203
cams_lgbm,24,region_Kalimantan,5.0,0.08400537634408602
cams_lgbm,24,region_Papua,0.0,0.0
cams_lgbm,24,region_Sulawesi,0.0,0.0
cams_lgbm,24,region_Sumatra,1.0,0.016801075268817203
cams_lgbm,24,region_nan,0.0,0.0
cams_lgbm,24,timezone_WIB,0.0,0.0
cams_lgbm,24,timezone_WIT,0.0,0.0
cams_lgbm,24,timezone_WITA,3.0,0.05040322580645161
cams_lgbm,24,timezone_nan,0.0,0.0
cams_lgbm,48,pm25_lag_0h,136.0,2.5806451612903225
cams_lgbm,48,pm25_lag_1h,65.0,1.2333965844402277
cams_lgbm,48,pm25_lag_2h,52.0,0.9867172675521821
cams_lgbm,48,pm25_lag_3h,85.0,1.6129032258064515
cams_lgbm,48,pm25_lag_6h,68.0,1.2903225806451613
cams_lgbm,48,pm25_lag_12h,61.0,1.157495256166983
cams_lgbm,48,pm25_lag_24h,179.0,3.396584440227704
cams_lgbm,48,pm25_lag_48h,128.0,2.428842504743833
cams_lgbm,48,pm25_lag_72h,146.0,2.7703984819734346
cams_lgbm,48,pm25_lag_168h,189.0,3.586337760910816
cams_lgbm,48,rh_lag_0h,65.0,1.2333965844402277
cams_lgbm,48,temperature_lag_0h,71.0,1.3472485768500948
cams_lgbm,48,rh_lag_1h,40.0,0.7590132827324478
cams_lgbm,48,temperature_lag_1h,69.0,1.3092979127134725
cams_lgbm,48,rh_lag_3h,44.0,0.8349146110056926
cams_lgbm,48,temperature_lag_3h,58.0,1.1005692599620494
cams_lgbm,48,rh_lag_6h,68.0,1.2903225806451613
cams_lgbm,48,temperature_lag_6h,59.0,1.1195445920303606
cams_lgbm,48,rh_lag_12h,102.0,1.935483870967742
cams_lgbm,48,temperature_lag_12h,67.0,1.27134724857685
cams_lgbm,48,rh_lag_24h,56.0,1.0626185958254268
cams_lgbm,48,temperature_lag_24h,106.0,2.0113851992409866
cams_lgbm,48,pm25_mean_3h,68.0,1.2903225806451613
cams_lgbm,48,pm25_std_3h,65.0,1.2333965844402277
cams_lgbm,48,pm25_max_3h,53.0,1.0056925996204933
cams_lgbm,48,pm25_available_fraction_3h,0.0,0.0
cams_lgbm,48,pm25_mean_6h,54.0,1.0246679316888045
cams_lgbm,48,pm25_std_6h,42.0,0.7969639468690702
cams_lgbm,48,pm25_max_6h,61.0,1.157495256166983
cams_lgbm,48,pm25_available_fraction_6h,0.0,0.0
cams_lgbm,48,pm25_mean_12h,62.0,1.1764705882352942
cams_lgbm,48,pm25_std_12h,52.0,0.9867172675521821
cams_lgbm,48,pm25_max_12h,40.0,0.7590132827324478
cams_lgbm,48,pm25_available_fraction_12h,0.0,0.0
cams_lgbm,48,pm25_mean_24h,81.0,1.537001897533207
cams_lgbm,48,pm25_std_24h,40.0,0.7590132827324478
cams_lgbm,48,pm25_max_24h,43.0,0.8159392789373814
cams_lgbm,48,pm25_available_fraction_24h,0.0,0.0
cams_lgbm,48,pm25_mean_72h,104.0,1.9734345351043643
cams_lgbm,48,pm25_std_72h,70.0,1.3282732447817838
cams_lgbm,48,pm25_max_72h,52.0,0.9867172675521821
cams_lgbm,48,pm25_available_fraction_72h,10.0,0.18975332068311196
cams_lgbm,48,pm25_mean_168h,261.0,4.952561669829222
cams_lgbm,48,pm25_std_168h,90.0,1.7077798861480076
cams_lgbm,48,pm25_max_168h,55.0,1.0436432637571158
cams_lgbm,48,pm25_available_fraction_168h,18.0,0.3415559772296015
cams_lgbm,48,latitude,261.0,4.952561669829222
cams_lgbm,48,longitude,137.0,2.5996204933586338
cams_lgbm,48,utc_offset_hours,0.0,0.0
cams_lgbm,48,issue_hour_local_sin,2.0,0.03795066413662239
cams_lgbm,48,issue_hour_local_cos,0.0,0.0
cams_lgbm,48,issue_day_of_year_sin,146.0,2.7703984819734346
cams_lgbm,48,issue_day_of_year_cos,198.0,3.757115749525617
cams_lgbm,48,target_hour_local_sin,0.0,0.0
cams_lgbm,48,target_hour_local_cos,0.0,0.0
cams_lgbm,48,target_day_of_year_sin,133.0,2.523719165085389
cams_lgbm,48,target_day_of_year_cos,92.0,1.74573055028463
cams_lgbm,48,network_pm25_mean_ug_m3,164.0,3.111954459203036
cams_lgbm,48,nearby_pm25_weighted_mean_ug_m3,183.0,3.472485768500949
cams_lgbm,48,nearby_station_count,51.0,0.967741935483871
cams_lgbm,48,latest_pm25_age_hours,0.0,0.0
cams_lgbm,48,cams_pm25_ug_m3,530.0,10.056925996204933
cams_lgbm,48,station_code_BANJARBARU2,1.0,0.018975332068311195
cams_lgbm,48,station_code_BATAM2,23.0,0.4364326375711575
cams_lgbm,48,station_code_BENGKULU,20.0,0.3795066413662239
cams_lgbm,48,station_code_INDRAPURI2,0.0,0.0
cams_lgbm,48,station_code_JAMBI3,0.0,0.0
cams_lgbm,48,station_code_JAMBI4,2.0,0.03795066413662239
cams_lgbm,48,station_code_KEMAYORAN3,3.0,0.056925996204933584
cams_lgbm,48,station_code_KOTABARU,0.0,0.0
cams_lgbm,48,station_code_KOTOTABANG2,3.0,0.056925996204933584
cams_lgbm,48,station_code_MALANG,2.0,0.03795066413662239
cams_lgbm,48,station_code_MAROS,0.0,0.0
cams_lgbm,48,station_code_MEDAN2,1.0,0.018975332068311195
cams_lgbm,48,station_code_MLATI,43.0,0.8159392789373814
cams_lgbm,48,station_code_PALANGKARAYA2,0.0,0.0
cams_lgbm,48,station_code_PALEMBANG3,2.0,0.03795066413662239
cams_lgbm,48,station_code_PALEMBANG4,0.0,0.0
cams_lgbm,48,station_code_PALU,0.0,0.0
cams_lgbm,48,station_code_PANGKALANBUN2,0.0,0.0
cams_lgbm,48,station_code_PEKANBARU2,1.0,0.018975332068311195
cams_lgbm,48,station_code_PESAWARAN,1.0,0.018975332068311195
cams_lgbm,48,station_code_PONTIANAK2,6.0,0.11385199240986717
cams_lgbm,48,station_code_SAMARINDA2,0.0,0.0
cams_lgbm,48,station_code_SEMARANG,3.0,0.056925996204933584
cams_lgbm,48,station_code_SINTANG,14.0,0.2656546489563567
cams_lgbm,48,station_code_SORONG,0.0,0.0
cams_lgbm,48,station_code_SUPADIO,0.0,0.0
cams_lgbm,48,station_code_TANJUNGHARAPAN2,0.0,0.0
cams_lgbm,48,station_code_nan,0.0,0.0
cams_lgbm,48,region_Java,0.0,0.0
cams_lgbm,48,region_Kalimantan,11.0,0.20872865275142316
cams_lgbm,48,region_Papua,0.0,0.0
cams_lgbm,48,region_Sulawesi,0.0,0.0
cams_lgbm,48,region_Sumatra,1.0,0.018975332068311195
cams_lgbm,48,region_nan,0.0,0.0
cams_lgbm,48,timezone_WIB,0.0,0.0
cams_lgbm,48,timezone_WIT,0.0,0.0
cams_lgbm,48,timezone_WITA,1.0,0.018975332068311195
cams_lgbm,48,timezone_nan,0.0,0.0
cams_lgbm,72,pm25_lag_0h,141.0,2.49911378943637
cams_lgbm,72,pm25_lag_1h,68.0,1.205246366536689
cams_lgbm,72,pm25_lag_2h,54.0,0.957107408720312
cams_lgbm,72,pm25_lag_3h,75.0,1.3293158454448777
cams_lgbm,72,pm25_lag_6h,68.0,1.205246366536689
cams_lgbm,72,pm25_lag_12h,75.0,1.3293158454448777
cams_lgbm,72,pm25_lag_24h,125.0,2.2155264090747964
cams_lgbm,72,pm25_lag_48h,136.0,2.410492733073378
cams_lgbm,72,pm25_lag_72h,98.0,1.7369727047146402
cams_lgbm,72,pm25_lag_168h,191.0,3.3853243530662884
cams_lgbm,72,rh_lag_0h,66.0,1.1697979439914923
cams_lgbm,72,temperature_lag_0h,93.0,1.6483516483516483
cams_lgbm,72,rh_lag_1h,44.0,0.7798652959943283
cams_lgbm,72,temperature_lag_1h,108.0,1.914214817440624
cams_lgbm,72,rh_lag_3h,51.0,0.9039347749025168
cams_lgbm,72,temperature_lag_3h,63.0,1.1166253101736974
cams_lgbm,72,rh_lag_6h,68.0,1.205246366536689
cams_lgbm,72,temperature_lag_6h,73.0,1.293867422899681
cams_lgbm,72,rh_lag_12h,99.0,1.7546969159872385
cams_lgbm,72,temperature_lag_12h,110.0,1.9496632399858207
cams_lgbm,72,rh_lag_24h,63.0,1.1166253101736974
cams_lgbm,72,temperature_lag_24h,98.0,1.7369727047146402
cams_lgbm,72,pm25_mean_3h,56.0,0.9925558312655087
cams_lgbm,72,pm25_std_3h,52.0,0.9216589861751152
cams_lgbm,72,pm25_max_3h,54.0,0.957107408720312
cams_lgbm,72,pm25_available_fraction_3h,0.0,0.0
cams_lgbm,72,pm25_mean_6h,55.0,0.9748316199929103
cams_lgbm,72,pm25_std_6h,76.0,1.347040056717476
cams_lgbm,72,pm25_max_6h,58.0,1.0280042538107055
cams_lgbm,72,pm25_available_fraction_6h,1.0,0.01772421127259837
cams_lgbm,72,pm25_mean_12h,31.0,0.5494505494505495
cams_lgbm,72,pm25_std_12h,62.0,1.098901098901099
cams_lgbm,72,pm25_max_12h,30.0,0.5317263381779511
cams_lgbm,72,pm25_available_fraction_12h,0.0,0.0
cams_lgbm,72,pm25_mean_24h,72.0,1.2761432116270826
cams_lgbm,72,pm25_std_24h,53.0,0.9393831974477136
cams_lgbm,72,pm25_max_24h,43.0,0.7621410847217299
cams_lgbm,72,pm25_available_fraction_24h,1.0,0.01772421127259837
cams_lgbm,72,pm25_mean_72h,101.0,1.7901453385324353
cams_lgbm,72,pm25_std_72h,74.0,1.3115916341722793
cams_lgbm,72,pm25_max_72h,66.0,1.1697979439914923
cams_lgbm,72,pm25_available_fraction_72h,15.0,0.26586316908897556
cams_lgbm,72,pm25_mean_168h,266.0,4.714640198511166
cams_lgbm,72,pm25_std_168h,114.0,2.020560085076214
cams_lgbm,72,pm25_max_168h,81.0,1.435661113080468
cams_lgbm,72,pm25_available_fraction_168h,37.0,0.6557958170861397
cams_lgbm,72,latitude,289.0,5.122297057780929
cams_lgbm,72,longitude,155.0,2.7472527472527473
cams_lgbm,72,utc_offset_hours,0.0,0.0
cams_lgbm,72,issue_hour_local_sin,1.0,0.01772421127259837
cams_lgbm,72,issue_hour_local_cos,0.0,0.0
cams_lgbm,72,issue_day_of_year_sin,170.0,3.013115916341723
cams_lgbm,72,issue_day_of_year_cos,278.0,4.927330733782346
cams_lgbm,72,target_hour_local_sin,0.0,0.0
cams_lgbm,72,target_hour_local_cos,0.0,0.0
cams_lgbm,72,target_day_of_year_sin,193.0,3.420772775611485
cams_lgbm,72,target_day_of_year_cos,161.0,2.8535980148883375
cams_lgbm,72,network_pm25_mean_ug_m3,140.0,2.4813895781637716
cams_lgbm,72,nearby_pm25_weighted_mean_ug_m3,168.0,2.977667493796526
cams_lgbm,72,nearby_station_count,42.0,0.7444168734491315
cams_lgbm,72,latest_pm25_age_hours,0.0,0.0
cams_lgbm,72,cams_pm25_ug_m3,502.0,8.897554058844381
cams_lgbm,72,station_code_BANJARBARU2,3.0,0.053172633817795106
cams_lgbm,72,station_code_BATAM2,35.0,0.6203473945409429
cams_lgbm,72,station_code_BENGKULU,19.0,0.336760014179369
cams_lgbm,72,station_code_INDRAPURI2,0.0,0.0
cams_lgbm,72,station_code_JAMBI3,2.0,0.03544842254519674
cams_lgbm,72,station_code_JAMBI4,3.0,0.053172633817795106
cams_lgbm,72,station_code_KEMAYORAN3,0.0,0.0
cams_lgbm,72,station_code_KOTABARU,2.0,0.03544842254519674
cams_lgbm,72,station_code_KOTOTABANG2,6.0,0.10634526763559021
cams_lgbm,72,station_code_MALANG,0.0,0.0
cams_lgbm,72,station_code_MAROS,0.0,0.0
cams_lgbm,72,station_code_MEDAN2,4.0,0.07089684509039348
cams_lgbm,72,station_code_MLATI,45.0,0.7975895072669266
cams_lgbm,72,station_code_PALANGKARAYA2,0.0,0.0
cams_lgbm,72,station_code_PALEMBANG3,1.0,0.01772421127259837
cams_lgbm,72,station_code_PALEMBANG4,0.0,0.0
cams_lgbm,72,station_code_PALU,0.0,0.0
cams_lgbm,72,station_code_PANGKALANBUN2,1.0,0.01772421127259837
cams_lgbm,72,station_code_PEKANBARU2,3.0,0.053172633817795106
cams_lgbm,72,station_code_PESAWARAN,2.0,0.03544842254519674
cams_lgbm,72,station_code_PONTIANAK2,12.0,0.21269053527118043
cams_lgbm,72,station_code_SAMARINDA2,0.0,0.0
cams_lgbm,72,station_code_SEMARANG,0.0,0.0
cams_lgbm,72,station_code_SINTANG,27.0,0.478553704360156
cams_lgbm,72,station_code_SORONG,0.0,0.0
cams_lgbm,72,station_code_SUPADIO,1.0,0.01772421127259837
cams_lgbm,72,station_code_TANJUNGHARAPAN2,0.0,0.0
cams_lgbm,72,station_code_nan,0.0,0.0
cams_lgbm,72,region_Java,0.0,0.0
cams_lgbm,72,region_Kalimantan,8.0,0.14179369018078697
cams_lgbm,72,region_Papua,0.0,0.0
cams_lgbm,72,region_Sulawesi,0.0,0.0
cams_lgbm,72,region_Sumatra,3.0,0.053172633817795106
cams_lgbm,72,region_nan,0.0,0.0
cams_lgbm,72,timezone_WIB,0.0,0.0
cams_lgbm,72,timezone_WIT,0.0,0.0
cams_lgbm,72,timezone_WITA,1.0,0.01772421127259837
cams_lgbm,72,timezone_nan,0.0,0.0
