n,mae_ug_m3,rmse_ug_m3,bias_ug_m3,correlation,r2,split,forecast_hour,model,scope,skill_vs_persistence_pct,n_stations
5918,13.028709023318688,29.51626856217438,6.055407232173031,0.6422474358802067,0.24762608690291665,test,3,persistence,pooled_common_cases,0.0,
5918,10.702424805677595,33.40409600673301,-4.5790892193308546,0.24108320560971602,0.036370095902194755,test,3,climatology,pooled_common_cases,17.85506310316338,
5918,10.09555520697674,26.812649040331078,-5.599753696558211,0.6961859010360613,0.37914487616381753,test,3,raw_cams,pooled_common_cases,22.513004251551017,
5918,7.988758396474708,27.610354890241183,-2.968636693368712,0.6385448976142017,0.34165309194696925,test,3,obs_lgbm,pooled_common_cases,38.68342303004475,
5918,7.757036104438601,26.885640216998294,-2.3577415417625036,0.6597133644023258,0.3757600089421723,test,3,cams_lgbm,pooled_common_cases,40.46197447072374,
5918,7.751620269575085,26.527735274561373,-2.0549241592248335,0.6738059815264289,0.3922693044998482,test,3,cams_xgboost,pooled_common_cases,40.50354293966277,
5918,7.757036104438601,26.885640216998294,-2.3577415417625036,0.6597133644023258,0.3757600089421723,test,3,champion,pooled_common_cases,40.46197447072374,
5918,7.763110527933,26.74097450359923,-2.2613812886541726,0.6634939796648551,0.38245973148719525,test,3,prediction_q50,pooled_common_cases,40.41535109857284,
5753,14.621032504780112,30.83884624438285,9.817277941943335,0.5707298505766881,-0.5571239572379334,test,6,persistence,pooled_common_cases,0.0,
5753,9.189440292021553,23.939088129372095,-3.787302277072831,0.297243370631676,0.0616990622502428,test,6,climatology,pooled_common_cases,37.14916994393377,
5753,8.098007842557386,16.443198257471234,-1.0804859595651173,0.7554611075669521,0.5573101856738405,test,6,raw_cams,pooled_common_cases,44.6139809899891,
5753,6.753135680642637,18.602187925215624,-2.342825263866823,0.709169605163025,0.4334281431443793,test,6,obs_lgbm,pooled_common_cases,53.8121833842117,
5753,6.430947120288765,17.764116947617147,-1.6463316272157889,0.729564544087816,0.48332887553949366,test,6,cams_lgbm,pooled_common_cases,56.01577988294417,
5753,6.433165837544348,17.632727569173294,-1.35876909504139,0.7325184127388555,0.4909435571590762,test,6,cams_xgboost,pooled_common_cases,56.00060505001183,
5753,6.430947120288765,17.764116947617147,-1.6463316272157889,0.729564544087816,0.48332887553949366,test,6,champion,pooled_common_cases,56.01577988294417,
5753,6.448455306346335,17.773749197249305,-1.5533372885163244,0.7261177587283328,0.48276841373613977,test,6,prediction_q50,pooled_common_cases,55.89603330518473,
5897,17.14536204849924,33.37744920829071,-1.113311853484823,0.4391483385533219,-0.4234182016959722,test,12,persistence,pooled_common_cases,0.0,
5897,13.120247583517044,24.24504982613423,-4.183449211463456,0.5211544869466022,0.2489438796272907,test,12,climatology,pooled_common_cases,23.476404018744656,
5897,18.091119305173358,33.63205023915137,-3.9856684204535218,0.41662312011866126,-0.44521650841594895,test,12,raw_cams,pooled_common_cases,-5.516111319194339,
5897,11.013612281662473,20.20977839341089,-2.870003389617335,0.7127688285601999,0.4781456231086674,test,12,obs_lgbm,pooled_common_cases,35.76331458905231,
5897,10.793979128577263,19.83669773309078,-2.303797277014339,0.7223458046397163,0.497235066738947,test,12,cams_lgbm,pooled_common_cases,37.04432080206742,
5897,10.84506706348896,19.63206191449187,-1.5529039597943897,0.7247509975682404,0.5075546309838918,test,12,cams_xgboost,pooled_common_cases,36.746351387556466,
5897,10.793979128577263,19.83669773309078,-2.303797277014339,0.7223458046397163,0.497235066738947,test,12,champion,pooled_common_cases,37.04432080206742,
5897,10.783875382176872,19.830454365914907,-2.2991551960526837,0.7221303392740571,0.497551495627521,test,12,prediction_q50,pooled_common_cases,37.10325071192766,
5859,13.434135518006487,27.96030553807588,-0.300358422939068,0.6706997307592484,0.3548990918351237,test,24,persistence,pooled_common_cases,0.0,
5859,13.95132275132275,33.48094062881147,-6.531490015360983,0.33719670384823175,0.07500554556577188,test,24,climatology,pooled_common_cases,-3.8497991376002405,
5859,18.025754838063254,32.58599156740961,-3.1847131843976473,0.4724249806989913,0.12379503634183231,test,24,raw_cams,pooled_common_cases,-34.17874796560132,
5859,11.169710113041345,24.963295294890468,-3.8213272253275683,0.7285775787454903,0.4857815490666597,test,24,obs_lgbm,pooled_common_cases,16.855758243096563,
5859,11.124281882550617,25.85726862675009,-3.549370283941677,0.710309514621844,0.4482922024932985,test,24,cams_lgbm,pooled_common_cases,17.19391346290835,
5859,11.165860998266325,25.824065789327094,-3.2162635357963043,0.7113335884535418,0.44970816823188664,test,24,cams_xgboost,pooled_common_cases,16.884409991992953,
5859,11.124281882550617,25.85726862675009,-3.549370283941677,0.710309514621844,0.4482922024932985,test,24,champion,pooled_common_cases,17.19391346290835,
5859,10.991597007835562,24.635989955726966,-2.887399196476627,0.7304459076078978,0.4991774625945933,test,24,prediction_q50,pooled_common_cases,18.18158307914238,
5839,14.330090768967288,29.181240586927693,-0.6485014557287205,0.640794617665259,0.3118547888790719,test,48,persistence,pooled_common_cases,0.0,
5839,14.024644630929952,33.89062493981839,-6.630981332419935,0.3330131081043817,0.0718209876776994,test,48,climatology,pooled_common_cases,2.131501767586841,
5839,18.64507015687426,34.206950253350996,-3.612498850199658,0.4262475345099232,0.05441341629983465,test,48,raw_cams,pooled_common_cases,-30.111319303373385,
5839,12.088073661378967,28.6306242754601,-5.132361124162369,0.6374442582297517,0.3375787971871155,test,48,obs_lgbm,pooled_common_cases,15.64551923455747,
5839,11.977949919247093,28.664625332398987,-4.536802330625902,0.6287944685117506,0.33600451122513775,test,48,cams_lgbm,pooled_common_cases,16.41399826171307,
5839,11.982877263224152,28.359703056837187,-3.9391521283995923,0.6391303864733487,0.35005598640894964,test,48,cams_xgboost,pooled_common_cases,16.379613664598512,
5839,11.977949919247093,28.664625332398987,-4.536802330625902,0.6287944685117506,0.33600451122513775,test,48,champion,pooled_common_cases,16.41399826171307,
5839,11.94562522920106,28.474686792395435,-4.325556403435651,0.632114863494721,0.34477493730946474,test,48,prediction_q50,pooled_common_cases,16.63957038520606,
5832,15.105006858710562,30.121385541522073,-1.105761316872428,0.5984811560745409,0.2645998348737717,test,72,persistence,pooled_common_cases,0.0,
5832,14.011685528120712,33.842544427943636,-6.592635459533608,0.3325209297320881,0.0716754224224857,test,72,climatology,pooled_common_cases,7.238138590843257,
5832,19.100882802605962,35.201358466557416,-3.939737401844812,0.3902953426196984,-0.004367568713938397,test,72,raw_cams,pooled_common_cases,-26.453982982411617,
5832,12.481490992378927,29.520813092589446,-5.528816494192924,0.5993577393106848,0.29363289965846184,test,72,obs_lgbm,pooled_common_cases,17.368518206390217,
5832,12.343774586694435,29.232305300170292,-4.559330528553366,0.59890689339758,0.3073721267886671,test,72,cams_lgbm,pooled_common_cases,18.280245072671487,
5832,12.434143576209928,29.38905092604843,-4.472680201206678,0.6017834001704553,0.29992437618654977,test,72,cams_xgboost,pooled_common_cases,17.68197331840623,
5832,12.343774586694435,29.232305300170292,-4.559330528553366,0.59890689339758,0.3073721267886671,test,72,champion,pooled_common_cases,18.280245072671487,
5832,12.353114940617296,29.387311200719335,-4.7134001787556405,0.5934705303308746,0.3000072576140105,test,72,prediction_q50,pooled_common_cases,18.218408927807538,
8580,8.714592074592074,16.491323211275112,4.215664335664336,0.4952939249610032,-0.17798483009822075,validation,3,persistence,pooled_common_cases,0.0,
8580,7.9424941724941736,14.526119309407527,2.2654428904428903,0.429432279257642,0.08603849403625363,validation,3,climatology,pooled_common_cases,8.85982838312076,
8580,7.3642483341379785,13.999862532208025,-2.559325115853993,0.4539333957945807,0.15106149270613,validation,3,raw_cams,pooled_common_cases,15.495203090355837,
8580,5.281541654803047,12.309946665486661,-0.8689220385430003,0.5893438325011401,0.34364162155375655,validation,3,obs_lgbm,pooled_common_cases,39.39427560583467,
8580,5.211426048582025,12.203942882941636,-0.5820942334447121,0.5969948183678374,0.3548970563992657,validation,3,cams_lgbm,pooled_common_cases,40.19885263733393,
8580,5.235881497501494,12.17912574218919,-0.3301148856686545,0.5983499998200452,0.35751806710959855,validation,3,cams_xgboost,pooled_common_cases,39.91822620398921,
8580,5.211426048582025,12.203942882941636,-0.5820942334447121,0.5969948183678374,0.3548970563992657,validation,3,champion,pooled_common_cases,40.19885263733393,
8580,5.212722625185755,12.19594794421707,-0.5922441519741191,0.5977561288635709,0.3557420077674599,validation,3,prediction_q50,pooled_common_cases,40.183974412482634,
8422,9.976537639515554,16.02567534441521,7.091545951080503,0.5079968572615807,-1.4065729807299734,validation,6,persistence,pooled_common_cases,0.0,
8422,6.776519829019235,10.055999622796257,2.3928223699833766,0.5021550767906195,0.052417890646828225,validation,6,climatology,pooled_common_cases,32.07543464599916,
8422,6.021194327548476,9.313865345348292,-0.38529483878164683,0.5553565812473743,0.1871203236352179,validation,6,raw_cams,pooled_common_cases,39.64645305702614,
8422,4.594710304783638,7.644114884244815,-0.5383514784631415,0.674762045750053,0.45245380322796425,validation,6,obs_lgbm,pooled_common_cases,53.94484067714347,
8422,4.43190434295071,7.4347774848315415,-0.346582716036492,0.6956895747921776,0.4820327442665241,validation,6,cams_lgbm,pooled_common_cases,55.57672909089615,
8422,4.448403119522839,7.419158392560761,-0.14320276392465864,0.6966443641764744,0.4842067650473457,validation,6,cams_xgboost,pooled_common_cases,55.41135331456689,
8422,4.43190434295071,7.4347774848315415,-0.346582716036492,0.6956895747921776,0.4820327442665241,validation,6,champion,pooled_common_cases,55.57672909089615,
8422,4.4493872040016145,7.455622672569414,-0.3266840401153784,0.6937753867813602,0.4791241808620369,validation,6,prediction_q50,pooled_common_cases,55.401489326534836,
8616,13.225870473537604,21.005461248799975,-4.427959610027855,0.3940968656597658,-0.06839435181609521,validation,12,persistence,pooled_common_cases,0.0,
8616,11.712395543175488,17.660096890109617,0.8772748375116066,0.5240042404841426,0.24481509161366288,validation,12,climatology,pooled_common_cases,11.443291641108132,
8616,16.08112226959517,24.467491917990657,-2.4414875574368984,0.24320812825056012,-0.44959287464465536,validation,12,raw_cams,pooled_common_cases,-21.588384687195973,
8616,9.957968080826713,16.139930171191104,-2.6019384901956215,0.6234940747761276,0.3692308544698374,validation,12,obs_lgbm,pooled_common_cases,24.70841068078905,
8616,9.832617702018181,15.894478468216757,-1.9780780155796684,0.6317171797258638,0.3882701072269221,validation,12,cams_lgbm,pooled_common_cases,25.656177249797373,
8616,9.857517048437062,15.73315735145682,-1.2842955028390928,0.6367376834719266,0.40062460478062256,validation,12,cams_xgboost,pooled_common_cases,25.467914810143977,
8616,9.832617702018181,15.894478468216757,-1.9780780155796684,0.6317171797258638,0.3882701072269221,validation,12,champion,pooled_common_cases,25.656177249797373,
8616,9.822291338977276,15.892326718282705,-1.9795341844913452,0.6319418399915344,0.3884357245714932,validation,12,prediction_q50,pooled_common_cases,25.734254250941202,
8546,10.025263281067165,15.878747164501318,0.0239761291832436,0.537153431694035,0.07110175765051785,validation,24,persistence,pooled_common_cases,0.0,
8546,10.042885560496138,14.89562859854054,2.664053358296279,0.5495212153404793,0.18256478235893103,validation,24,climatology,pooled_common_cases,-0.17577871956993008,
8546,13.899498541340877,21.74679662408595,2.7939877052258426,0.48978874125648686,-0.7423133326248583,validation,24,raw_cams,pooled_common_cases,-38.64472335195679,
8546,7.8159508966816444,12.461617689975007,-1.0899440552055222,0.6575532811342857,0.42788343715551724,validation,24,obs_lgbm,pooled_common_cases,22.03745001448325,
8546,7.758823131911416,12.24059310422106,-0.20051616138644746,0.6696661545633671,0.44799806874879866,validation,24,cams_lgbm,pooled_common_cases,22.607288064304008,
8546,7.814812262588884,12.191348593176444,0.1875816140887946,0.6728860798810004,0.4524305967418071,validation,24,cams_xgboost,pooled_common_cases,22.048807662266046,
8546,7.758823131911416,12.24059310422106,-0.20051616138644746,0.6696661545633671,0.44799806874879866,validation,24,champion,pooled_common_cases,22.607288064304008,
8546,7.744279004547842,12.206584204345637,-0.06814271478799501,0.6729225174680088,0.4510611391586826,validation,24,prediction_q50,pooled_common_cases,22.752362831477857,
8495,10.67112419070041,16.747516256602232,0.02257798705120659,0.4903962309587302,-0.023870212064346807,validation,48,persistence,pooled_common_cases,0.0,
8495,10.075473808122425,14.987570532051143,2.6186756915832845,0.5457129933614796,0.18001374644423374,validation,48,climatology,pooled_common_cases,5.581889704714326,
8495,14.334488497270291,22.791863349551516,2.6079958960888865,0.47222367431391493,-0.8962856421798868,validation,48,raw_cams,pooled_common_cases,-34.32969423936048,
8495,8.208783397151961,12.933226167644182,-0.9376417490948737,0.6266171677742687,0.3893985425581107,validation,48,obs_lgbm,pooled_common_cases,23.07480214403569,
8495,8.15109324672723,12.756661591048285,-0.14663123890348498,0.6374806876718612,0.40595661872888544,validation,48,cams_lgbm,pooled_common_cases,23.615421383337644,
8495,8.220240151201578,12.675969975212498,0.4366578460006311,0.6436755545288737,0.4134480328287904,validation,48,cams_xgboost,pooled_common_cases,22.96743994072068,
8495,8.15109324672723,12.756661591048285,-0.14663123890348498,0.6374806876718612,0.40595661872888544,validation,48,champion,pooled_common_cases,23.615421383337644,
8495,8.14113022728099,12.732877809044624,-0.0574423319839599,0.6396596241407386,0.4081696471698524,validation,48,prediction_q50,pooled_common_cases,23.708785674373857,
8470,11.01646989374262,17.29360471019536,0.03805194805194802,0.45447246056800966,-0.09546358194695403,validation,72,persistence,pooled_common_cases,0.0,
8470,10.063612750885477,14.977064500060118,2.6371192443919718,0.5453906582734519,0.17836243122386763,validation,72,climatology,pooled_common_cases,8.649387254245278,
8470,14.628095374156764,23.082473407339116,2.4424952038175936,0.4697027919969287,-0.9516034464434378,validation,72,raw_cams,pooled_common_cases,-32.78387283085624,
8470,8.370037625087217,13.13470718796559,-0.751348090237626,0.6085025525995766,0.3680718825403627,validation,72,obs_lgbm,pooled_common_cases,24.022507156839612,
8470,8.365151060292611,13.038698754586543,0.06335405996503021,0.616403827461195,0.37727630434879744,validation,72,cams_lgbm,pooled_common_cases,24.06686405920253,
8470,8.430281607612105,12.95763580645551,0.5400920509813528,0.6216613115773526,0.3849953107378159,validation,72,cams_xgboost,pooled_common_cases,23.475653372406303,
8470,8.365151060292611,13.038698754586543,0.06335405996503021,0.616403827461195,0.37727630434879744,validation,72,champion,pooled_common_cases,24.06686405920253,
8470,8.36161716591766,13.048430428725812,0.05166785327487401,0.6155986190615667,0.3763463947390525,validation,72,prediction_q50,pooled_common_cases,24.098942342073858,
5918,7.615649893748421,16.48450820604208,-2.3640677778786263,0.7265153404704547,0.46937171068207423,test,3,cams_lgbm,station_balanced_common_cases,36.485111835138305,27.0
5918,7.609534571269235,16.313261948116114,-2.063946702533398,0.7286353238558652,0.47799249131930793,test,3,cams_xgboost,station_balanced_common_cases,36.31768041420049,27.0
5918,7.615649893748421,16.48450820604208,-2.3640677778786263,0.7265153404704547,0.46937171068207423,test,3,champion,station_balanced_common_cases,36.485111835138305,27.0
5918,10.601734386157434,21.436787175804447,-4.690635535831048,0.40383935486882694,0.04315630334487774,test,3,climatology,station_balanced_common_cases,7.719126134003259,27.0
5918,7.842042068984059,16.963289094897885,-2.9738141901597412,0.7111749400513199,0.4437642586297734,test,3,obs_lgbm,station_balanced_common_cases,35.037782786826625,27.0
5918,12.644099587174205,22.744871079403246,5.705796125923374,0.6235958400849634,-2.8469414647610303,test,3,persistence,station_balanced_common_cases,0.0,27.0
5918,7.619362620214166,16.434536361323943,-2.271360171268063,0.7263922174248124,0.4674779813245543,test,3,prediction_q50,station_balanced_common_cases,36.397164893826435,27.0
5918,9.94880563592326,18.714021876301153,-5.495022124515038,0.5898310080231823,0.054424293035432045,test,3,raw_cams,station_balanced_common_cases,9.142851936476537,27.0
5753,6.290049028026275,13.438005173045623,-1.5765513983920296,0.7164659271054573,0.4765370544932427,test,6,cams_lgbm,station_balanced_common_cases,47.97117514509442,27.0
5753,6.297219256451501,13.374999212864429,-1.2917637653059677,0.717483645150976,0.47553062314688693,test,6,cams_xgboost,station_balanced_common_cases,47.75812107092371,27.0
5753,6.290049028026275,13.438005173045623,-1.5765513983920296,0.7164659271054573,0.4765370544932427,test,6,champion,station_balanced_common_cases,47.97117514509442,27.0
5753,9.038544327954252,18.420351691741846,-3.842232318667155,0.4169773673561648,0.04776528915439755,test,6,climatology,station_balanced_common_cases,25.425790058365706,27.0
5753,6.609028028691302,14.198361951866232,-2.2625787034053504,0.6911606465330112,0.41788203677565267,test,6,obs_lgbm,station_balanced_common_cases,45.542155318677295,27.0
5753,14.18302400701949,25.110063245111338,9.450613807426526,0.5538593990077316,-2.649679995745364,test,6,persistence,station_balanced_common_cases,0.0,27.0
5753,6.306401245242811,13.44172814867382,-1.48409932547825,0.7149597078673587,0.47439613343992443,test,6,prediction_q50,station_balanced_common_cases,47.81469033431871,27.0
5753,7.907674360656004,14.228005791989707,-0.9487597004341659,0.6220206614253674,0.18606758889525293,test,6,raw_cams,station_balanced_common_cases,31.664619432854078,27.0
5897,10.50459749727528,16.61579324213311,-2.228062945055207,0.5814099405740324,0.3166651048904899,test,12,cams_lgbm,station_balanced_common_cases,32.901406463406346,27.0
5897,10.556124432767117,16.49592024626081,-1.4865782436550816,0.5816007422147524,0.3181802332759446,test,12,cams_xgboost,station_balanced_common_cases,32.325762453468,27.0
5897,10.50459749727528,16.61579324213311,-2.228062945055207,0.5814099405740324,0.3166651048904899,test,12,champion,station_balanced_common_cases,32.901406463406346,27.0
5897,12.838476505086064,20.417546425625492,-4.1981712550140555,0.2860365690678812,-0.0072700703459313175,test,12,climatology,station_balanced_common_cases,16.804654827400512,27.0
5897,10.723854302040703,16.91996567214432,-2.787310386906294,0.5578180128911175,0.2917526876501801,test,12,obs_lgbm,station_balanced_common_cases,31.505025645801172,27.0
5897,16.69462881080163,28.004166735668722,-1.1197661486482384,0.4263015555796451,-2.362085858978979,test,12,persistence,station_balanced_common_cases,0.0,27.0
5897,10.49433033461713,16.602469812129446,-2.216325852997528,0.5810990408427197,0.31697703220213674,test,12,prediction_q50,station_balanced_common_cases,32.98216282018503,27.0
5897,17.610476441286654,27.00119943819254,-3.908388155761253,0.4533181473004258,-0.9939074454884287,test,12,raw_cams,station_balanced_common_cases,-15.007117929138113,27.0
5859,10.836498730411595,19.554584747277477,-3.430218498993646,0.6580157071514964,0.383234048496715,test,24,cams_lgbm,station_balanced_common_cases,17.553119606104985,27.0
5859,10.87687579893615,19.532495587188546,-3.1179847515192796,0.6590827647612015,0.3869113984099708,test,24,cams_xgboost,station_balanced_common_cases,17.250018053713113,27.0
5859,10.836498730411595,19.554584747277477,-3.430218498993646,0.6580157071514964,0.383234048496715,test,24,champion,station_balanced_common_cases,17.553119606104985,27.0
5859,13.65874338857327,24.690638004129738,-6.523154796279755,0.42224666683994855,0.05083043386873009,test,24,climatology,station_balanced_common_cases,-4.262213445132395,27.0
5859,10.87312564621034,19.316358644540653,-3.6909741928730746,0.63605490578746,0.3843004880667529,test,24,obs_lgbm,station_balanced_common_cases,17.767390589204208,27.0
5859,13.111779367149609,22.513414161337998,-0.3200693524876517,0.5460970054065087,0.07638972556697732,test,24,persistence,station_balanced_common_cases,0.0,27.0
5859,10.704090957541208,18.992677643832014,-2.7998722987090785,0.6596241230595689,0.39648645841819063,test,24,prediction_q50,station_balanced_common_cases,18.203044699610608,27.0
5859,17.509133544068565,27.322576513020312,-3.278121230298897,0.49930195540746286,-0.9604124059668749,test,24,raw_cams,station_balanced_common_cases,-48.13626146914189,27.0
5839,11.664917071479003,21.385322950288373,-4.405111204261444,0.5948683687366936,0.29200430704499614,test,48,cams_lgbm,station_balanced_common_cases,16.925139620597268,27.0
5839,11.668419253042996,21.23961770770277,-3.830961575529904,0.5975560946245785,0.2957565436722329,test,48,cams_xgboost,station_balanced_common_cases,16.48880393832916,27.0
5839,11.664917071479003,21.385322950288373,-4.405111204261444,0.5948683687366936,0.29200430704499614,test,48,champion,station_balanced_common_cases,16.925139620597268,27.0
5839,13.733095076964796,25.001959323684655,-6.629818883722006,0.4191082004020014,0.04831827403003187,test,48,climatology,station_balanced_common_cases,0.8895592874331933,27.0
5839,11.775122035445113,21.450233597449774,-5.002037195512508,0.5797037952300729,0.29542002601540296,test,48,obs_lgbm,station_balanced_common_cases,16.617291656756016,27.0
5839,13.897520648066632,23.61936610535634,-0.6684016170359135,0.4789813129822376,-0.02160502206699635,test,48,persistence,station_balanced_common_cases,0.0,27.0
5839,11.630579781720277,21.247149806499262,-4.2155328598074036,0.6007218250957299,0.3018069254813902,test,48,prediction_q50,station_balanced_common_cases,17.391731978675118,27.0
5839,18.103978341911947,28.54288627633479,-3.750885253918441,0.4640026838061874,-0.9732631554364645,test,48,raw_cams,station_balanced_common_cases,-40.7575299959804,27.0
5832,12.031415688015565,21.82958706032891,-4.450508385561913,0.5694271100276642,0.26337886089005985,test,72,cams_lgbm,station_balanced_common_cases,19.206819741104955,27.0
5832,12.1171028278643,21.954831547859182,-4.359825360413964,0.5689566947718911,0.25580382146469083,test,72,cams_xgboost,station_balanced_common_cases,18.34110166569158,27.0
5832,12.031415688015565,21.82958706032891,-4.450508385561913,0.5694271100276642,0.26337886089005985,test,72,champion,station_balanced_common_cases,19.206819741104955,27.0
5832,13.73172911952839,24.993858984545,-6.605678049920362,0.42006407873130436,0.04912062645979322,test,72,climatology,station_balanced_common_cases,6.422489357075237,27.0
5832,12.166468783133677,22.068864230767215,-5.403542437264837,0.5492202213445032,0.2597466700463647,test,72,obs_lgbm,station_balanced_common_cases,19.013257986131762,27.0
5832,14.675242563309327,24.41294708856572,-1.1421639499935263,0.43088466083910054,-0.0958573728669907,test,72,persistence,station_balanced_common_cases,0.0,27.0
5832,12.039160056046152,21.897795488241012,-4.595434251960655,0.5701473186670756,0.2610862820896595,test,72,prediction_q50,station_balanced_common_cases,19.25654871028505,27.0
5832,18.54656461106418,29.196764001427955,-4.080287285646373,0.43617345956155523,-1.0197086893308627,test,72,raw_cams,station_balanced_common_cases,-34.49306676351458,27.0
8580,5.076434263038734,9.208896117410777,-0.544426227746045,0.5545086097365026,0.3186255721429949,validation,3,cams_lgbm,station_balanced_common_cases,36.06334934439674,26.0
8580,5.102017208759401,9.197395716543756,-0.29605273225550843,0.5563408676632644,0.31934028016179555,validation,3,cams_xgboost,station_balanced_common_cases,35.58706286657321,26.0
8580,5.076434263038734,9.208896117410777,-0.544426227746045,0.5545086097365026,0.3186255721429949,validation,3,champion,station_balanced_common_cases,36.06334934439674,26.0
8580,7.751388600349191,11.938794654363258,2.1805161139638347,0.13618823554832457,-0.33657335856320947,validation,3,climatology,station_balanced_common_cases,1.510754409175951,26.0
8580,5.144542238259256,9.313963101478391,-0.8225688089737199,0.5409434686305324,0.30208310672687555,validation,3,obs_lgbm,station_balanced_common_cases,35.282375442112624,26.0
8580,8.44862167672099,13.681169882443779,4.050659659326118,0.4650155334511962,-0.9663435837007426,validation,3,persistence,station_balanced_common_cases,0.0,26.0
8580,5.078130331337975,9.20584612336507,-0.5546857058474429,0.5545259415952386,0.31837706794005,validation,3,prediction_q50,station_balanced_common_cases,36.011911318498655,26.0
8580,7.218412733400097,11.54186828902122,-2.4015117967979083,0.3055743500748084,-0.2685227699381471,validation,3,raw_cams,station_balanced_common_cases,3.407705316121454,26.0
8422,4.341392528949724,6.812544124703877,-0.34769950316607995,0.5456000477274109,0.3009787347082766,validation,6,cams_lgbm,station_balanced_common_cases,48.386165864109394,26.0
8422,4.358758330268575,6.802435479630996,-0.14699207299827555,0.5466987218378401,0.3029054235948973,validation,6,cams_xgboost,station_balanced_common_cases,48.20551660280816,26.0
8422,4.341392528949724,6.812544124703877,-0.34769950316607995,0.5456000477274109,0.3009787347082766,validation,6,champion,station_balanced_common_cases,48.386165864109394,26.0
8422,6.635208700653998,9.26911295210822,2.2775859667815683,0.17241102523072696,-0.43005066820436216,validation,6,climatology,station_balanced_common_cases,23.264829693044774,26.0
8422,4.496045009068512,7.004171057952839,-0.5295282406794165,0.5124480010357811,0.26234446269303857,validation,6,obs_lgbm,station_balanced_common_cases,46.98632520922843,26.0
8422,9.6907945487642,14.389670349452766,6.817254393775651,0.3958088418728423,-3.553968726305541,validation,6,persistence,station_balanced_common_cases,0.0,26.0
8422,4.3589562816159635,6.830138392131392,-0.3279010929750764,0.5450661016658723,0.29871883336999355,validation,6,prediction_q50,station_balanced_common_cases,48.1833028879241,26.0
8422,5.915570234318797,8.641701374671936,-0.3274107687272848,0.36836055822680075,-0.19830749782601623,validation,6,raw_cams,station_balanced_common_cases,28.391552069769947,26.0
8616,9.673306058687963,14.065364619412897,-1.9577942130879307,0.41969745354584576,0.1579838343290341,validation,12,cams_lgbm,station_balanced_common_cases,23.205473749802685,26.0
8616,9.699802776680468,13.954557908935042,-1.269801055464323,0.4241140082455681,0.16865341354838378,validation,12,cams_xgboost,station_balanced_common_cases,22.763917157164748,26.0
8616,9.673306058687963,14.065364619412897,-1.9577942130879307,0.41969745354584576,0.1579838343290341,validation,12,champion,station_balanced_common_cases,23.205473749802685,26.0
8616,11.527431861105994,15.778054052037957,0.813821441687222,0.17052250691202853,-0.07438990180684672,validation,12,climatology,station_balanced_common_cases,8.01562293325967,26.0
8616,9.796915388976913,14.28202957190763,-2.563953003701054,0.3957889910588684,0.13431138707138202,validation,12,obs_lgbm,station_balanced_common_cases,22.3755973106884,26.0
8616,12.98693348906646,18.57014055481197,-4.498063639288085,0.309258320322491,-0.5090829818503867,validation,12,persistence,station_balanced_common_cases,0.0,26.0
8616,9.663213361898505,14.065667730806734,-1.957872013362119,0.4195701762212864,0.15837534239158216,validation,12,prediction_q50,station_balanced_common_cases,23.296903558399453,26.0
8616,15.778825753585833,21.05941714203717,-2.4859480280657964,0.2680724377027532,-1.1990696282094935,validation,12,raw_cams,station_balanced_common_cases,-24.37700433936881,26.0
8546,7.545060727322129,10.720839698985353,-0.1474451438612514,0.4658460304901086,0.19380509687378472,validation,24,cams_lgbm,station_balanced_common_cases,20.49425972687588,26.0
8546,7.599705230306293,10.69208178285919,0.22892113416382878,0.4659977530322367,0.1939548825692737,validation,24,cams_xgboost,station_balanced_common_cases,19.826144993689145,26.0
8546,7.545060727322129,10.720839698985353,-0.1474451438612514,0.4658460304901086,0.19380509687378472,validation,24,champion,station_balanced_common_cases,20.49425972687588,26.0
8546,9.769244472371945,13.109369709551725,2.5647108342273457,0.16855739126125038,-0.2519385373469165,validation,24,climatology,station_balanced_common_cases,-3.6517987836079366,26.0
8546,7.594216177055139,10.86145453444766,-1.0175381431913737,0.43244120871216896,0.18364639983279252,validation,24,obs_lgbm,station_balanced_common_cases,20.674644740644016,26.0
8546,9.727265818440854,13.799995338670708,0.022693501974614845,0.34256775739010104,-0.31496084780592526,validation,24,persistence,station_balanced_common_cases,0.0,26.0
8546,7.528632490647398,10.695594060342678,-0.03255490260048296,0.4723930892481241,0.19630872276802444,validation,24,prediction_q50,station_balanced_common_cases,20.85423791725479,26.0
8546,13.631636735011845,18.03211191553566,2.8217909709908966,0.29273845972068285,-2.3145178033821434,validation,24,raw_cams,station_balanced_common_cases,-50.57782282781992,26.0
8495,7.926017081620854,11.193814457213373,-0.08707573470659956,0.39856414357517633,0.12640963823806375,validation,48,cams_lgbm,station_balanced_common_cases,21.708739763667758,26.0
8495,7.997949261202366,11.16024309358612,0.48415003950203633,0.40512899072306435,0.11924961265288626,validation,48,cams_xgboost,station_balanced_common_cases,20.590877325456702,26.0
8495,7.926017081620854,11.193814457213373,-0.08707573470659956,0.39856414357517633,0.12640963823806375,validation,48,champion,station_balanced_common_cases,21.708739763667758,26.0
8495,9.794689794357348,13.181308757470806,2.5234343515082096,0.16700979310105227,-0.2514595748254675,validation,48,climatology,station_balanced_common_cases,2.886477149464371,26.0
8495,7.9771099576478655,11.313069057648912,-0.860362191022154,0.3550418831889713,0.11891406608835574,validation,48,obs_lgbm,station_balanced_common_cases,21.768346855196715,26.0
8495,10.356625420163855,14.641600239011598,0.02703279797338363,0.26712744068974276,-0.47434025698738874,validation,48,persistence,station_balanced_common_cases,0.0,26.0
8495,7.913223108493441,11.173863991566718,-0.012839413149876355,0.4015094485875622,0.13023604306965247,validation,48,prediction_q50,station_balanced_common_cases,22.07522213896429,26.0
8495,14.057548070354299,18.671610036884008,2.6332635759057657,0.2780514565945741,-2.5326905353354485,validation,48,raw_cams,station_balanced_common_cases,-42.15500753803848,26.0
8470,8.133591114334386,11.478969083401681,0.10531136002228644,0.3468651001778455,0.07902458772525783,validation,72,cams_lgbm,station_balanced_common_cases,22.5111620138801,26.0
8470,8.202626682124121,11.445336001530515,0.5852155424162271,0.35046582464746046,0.07406673563799374,validation,72,cams_xgboost,station_balanced_common_cases,21.175579688641424,26.0
8470,8.133591114334386,11.478969083401681,0.10531136002228644,0.3468651001778455,0.07902458772525783,validation,72,champion,station_balanced_common_cases,22.5111620138801,26.0
8470,9.777998879337705,13.184999351101073,2.5364888472331404,0.16676696895209261,-0.24640126820419656,validation,72,climatology,station_balanced_common_cases,6.579688523408046,26.0
8470,8.134102718374244,11.531942341183232,-0.6919917738277129,0.3037713602118917,0.0802685782258113,validation,72,obs_lgbm,station_balanced_common_cases,22.786860399183304,26.0
8470,10.691869441635857,15.189750852994287,0.03857903824791334,0.2127523684641907,-0.5826234567428824,validation,72,persistence,station_balanced_common_cases,0.0,26.0
8470,8.130017141779074,11.489654787116867,0.0922231266662159,0.3475464868811545,0.07704778764346254,validation,72,prediction_q50,station_balanced_common_cases,22.528308595091005,26.0
8470,14.327834577970325,18.97299660240065,2.448304545330639,0.2548792512492257,-2.614857317390029,validation,72,raw_cams,station_balanced_common_cases,-38.235216946256244,26.0
