station_code,station_name,month_utc,expected_hours_within_station_span,observed_hours,valid_pm25_hours,valid_pm25_coverage_pct
BANJARBARU2,Banjarbaru,2021-09,536,519,440,82.08955223880596
BANJARBARU2,Banjarbaru,2021-10,744,744,743,99.86559139784946
BANJARBARU2,Banjarbaru,2021-11,720,720,674,93.61111111111111
BANJARBARU2,Banjarbaru,2021-12,744,744,744,100.0
BANJARBARU2,Banjarbaru,2022-01,744,744,744,100.0
BANJARBARU2,Banjarbaru,2022-02,672,672,632,94.04761904761905
BANJARBARU2,Banjarbaru,2022-03,744,744,744,100.0
BANJARBARU2,Banjarbaru,2022-04,720,720,712,98.88888888888889
BANJARBARU2,Banjarbaru,2022-05,744,744,744,100.0
BANJARBARU2,Banjarbaru,2022-06,720,720,720,100.0
BANJARBARU2,Banjarbaru,2022-07,744,744,719,96.63978494623656
BANJARBARU2,Banjarbaru,2022-08,744,744,744,100.0
BANJARBARU2,Banjarbaru,2022-09,720,720,720,100.0
BANJARBARU2,Banjarbaru,2022-10,744,744,738,99.19354838709677
BANJARBARU2,Banjarbaru,2022-11,720,720,720,100.0
BANJARBARU2,Banjarbaru,2022-12,744,744,718,96.50537634408602
BANJARBARU2,Banjarbaru,2023-01,744,744,744,100.0
BANJARBARU2,Banjarbaru,2023-02,672,672,672,100.0
BANJARBARU2,Banjarbaru,2023-03,744,744,735,98.79032258064517
BANJARBARU2,Banjarbaru,2023-04,720,720,699,97.08333333333333
BANJARBARU2,Banjarbaru,2023-05,744,744,719,96.63978494623656
BANJARBARU2,Banjarbaru,2023-06,720,720,720,100.0
BANJARBARU2,Banjarbaru,2023-07,744,744,690,92.74193548387096
BANJARBARU2,Banjarbaru,2023-08,744,744,708,95.16129032258064
BANJARBARU2,Banjarbaru,2023-09,720,720,713,99.02777777777777
BANJARBARU2,Banjarbaru,2023-10,744,744,731,98.25268817204301
BANJARBARU2,Banjarbaru,2023-11,720,720,720,100.0
BANJARBARU2,Banjarbaru,2023-12,744,744,738,99.19354838709677
BANJARBARU2,Banjarbaru,2024-01,744,744,744,100.0
BANJARBARU2,Banjarbaru,2024-02,696,696,696,100.0
BANJARBARU2,Banjarbaru,2024-03,744,744,718,96.50537634408602
BANJARBARU2,Banjarbaru,2024-04,720,720,720,100.0
BANJARBARU2,Banjarbaru,2024-05,744,741,730,98.11827956989248
BANJARBARU2,Banjarbaru,2024-06,720,719,719,99.86111111111111
BANJARBARU2,Banjarbaru,2024-07,744,738,735,98.79032258064517
BANJARBARU2,Banjarbaru,2024-08,744,741,731,98.25268817204301
BANJARBARU2,Banjarbaru,2024-09,720,719,719,99.86111111111111
BANJARBARU2,Banjarbaru,2024-10,744,573,570,76.61290322580645
BANJARBARU2,Banjarbaru,2024-11,720,717,717,99.58333333333333
BANJARBARU2,Banjarbaru,2024-12,744,744,744,100.0
BANJARBARU2,Banjarbaru,2025-01,744,744,709,95.29569892473118
BANJARBARU2,Banjarbaru,2025-02,672,672,672,100.0
BANJARBARU2,Banjarbaru,2025-03,744,744,732,98.38709677419355
BANJARBARU2,Banjarbaru,2025-04,720,715,715,99.30555555555556
BANJARBARU2,Banjarbaru,2025-05,744,744,744,100.0
BANJARBARU2,Banjarbaru,2025-06,720,720,719,99.86111111111111
BANJARBARU2,Banjarbaru,2025-07,744,744,744,100.0
BANJARBARU2,Banjarbaru,2025-08,744,744,740,99.46236559139786
BANJARBARU2,Banjarbaru,2025-09,720,716,716,99.44444444444444
BANJARBARU2,Banjarbaru,2025-10,744,744,744,100.0
BANJARBARU2,Banjarbaru,2025-11,720,719,701,97.36111111111111
BANJARBARU2,Banjarbaru,2025-12,744,741,735,98.79032258064517
BANJARBARU2,Banjarbaru,2026-01,744,744,720,96.7741935483871
BANJARBARU2,Banjarbaru,2026-02,672,672,672,100.0
BANJARBARU2,Banjarbaru,2026-03,744,744,741,99.59677419354838
BANJARBARU2,Banjarbaru,2026-04,720,720,718,99.72222222222223
BANJARBARU2,Banjarbaru,2026-05,744,744,744,100.0
BANJARBARU2,Banjarbaru,2026-06,720,704,699,97.08333333333333
BANJARBARU2,Banjarbaru,2026-07,744,744,743,99.86559139784946
BANJARBARU2,Banjarbaru,2026-08,744,744,744,100.0
BATAM2,Batam,2021-09,391,373,350,89.51406649616368
BATAM2,Batam,2021-10,744,744,744,100.0
BATAM2,Batam,2021-11,720,720,707,98.19444444444444
BATAM2,Batam,2021-12,744,744,744,100.0
BATAM2,Batam,2022-01,744,739,739,99.32795698924731
BATAM2,Batam,2022-02,672,672,666,99.10714285714286
BATAM2,Batam,2022-03,744,744,744,100.0
BATAM2,Batam,2022-04,720,682,630,87.5
BATAM2,Batam,2022-05,744,744,717,96.37096774193549
BATAM2,Batam,2022-06,720,720,716,99.44444444444444
BATAM2,Batam,2022-07,744,744,741,99.59677419354838
BATAM2,Batam,2022-08,744,744,744,100.0
BATAM2,Batam,2022-09,720,720,719,99.86111111111111
BATAM2,Batam,2022-10,744,744,738,99.19354838709677
BATAM2,Batam,2022-11,720,720,717,99.58333333333333
BATAM2,Batam,2022-12,744,744,730,98.11827956989248
BATAM2,Batam,2023-01,744,744,744,100.0
BATAM2,Batam,2023-02,672,672,672,100.0
BATAM2,Batam,2023-03,744,744,734,98.65591397849462
BATAM2,Batam,2023-04,720,720,710,98.61111111111111
BATAM2,Batam,2023-05,744,744,724,97.31182795698925
BATAM2,Batam,2023-06,720,720,719,99.86111111111111
BATAM2,Batam,2023-07,744,744,744,100.0
BATAM2,Batam,2023-08,744,744,727,97.71505376344086
BATAM2,Batam,2023-09,720,720,720,100.0
BATAM2,Batam,2023-10,744,744,721,96.90860215053763
BATAM2,Batam,2023-11,720,720,720,100.0
BATAM2,Batam,2023-12,744,744,744,100.0
BATAM2,Batam,2024-01,744,739,737,99.05913978494624
BATAM2,Batam,2024-02,696,696,696,100.0
BATAM2,Batam,2024-03,744,744,735,98.79032258064517
BATAM2,Batam,2024-04,720,709,708,98.33333333333333
BATAM2,Batam,2024-05,744,744,744,100.0
BATAM2,Batam,2024-06,720,717,686,95.27777777777777
BATAM2,Batam,2024-07,744,722,718,96.50537634408602
BATAM2,Batam,2024-08,744,743,722,97.04301075268818
BATAM2,Batam,2024-09,720,669,669,92.91666666666667
BATAM2,Batam,2024-10,744,738,738,99.19354838709677
BATAM2,Batam,2024-11,720,720,709,98.47222222222223
BATAM2,Batam,2024-12,744,744,744,100.0
BATAM2,Batam,2025-01,744,744,726,97.58064516129032
BATAM2,Batam,2025-02,672,672,672,100.0
BATAM2,Batam,2025-03,744,744,744,100.0
BATAM2,Batam,2025-04,720,720,716,99.44444444444444
BATAM2,Batam,2025-05,744,666,654,87.90322580645162
BATAM2,Batam,2025-06,720,720,716,99.44444444444444
BATAM2,Batam,2025-07,744,744,744,100.0
BATAM2,Batam,2025-08,744,738,736,98.9247311827957
BATAM2,Batam,2025-09,720,711,702,97.5
BATAM2,Batam,2025-10,744,735,733,98.52150537634408
BATAM2,Batam,2025-11,720,720,719,99.86111111111111
BATAM2,Batam,2025-12,744,714,711,95.56451612903226
BATAM2,Batam,2026-01,744,744,744,100.0
BATAM2,Batam,2026-02,672,672,582,86.60714285714286
BATAM2,Batam,2026-03,744,744,715,96.10215053763442
BATAM2,Batam,2026-04,720,720,675,93.75
BATAM2,Batam,2026-05,744,744,686,92.20430107526882
BATAM2,Batam,2026-06,720,720,720,100.0
BATAM2,Batam,2026-07,744,744,726,97.58064516129032
BATAM2,Batam,2026-08,744,744,744,100.0
BENGKULU,Bengkulu,2021-08,293,293,253,86.3481228668942
BENGKULU,Bengkulu,2021-09,720,717,703,97.63888888888889
BENGKULU,Bengkulu,2021-10,744,672,589,79.16666666666667
BENGKULU,Bengkulu,2021-11,720,720,651,90.41666666666667
BENGKULU,Bengkulu,2021-12,744,744,643,86.4247311827957
BENGKULU,Bengkulu,2022-01,744,744,604,81.18279569892474
BENGKULU,Bengkulu,2022-02,672,672,622,92.55952380952381
BENGKULU,Bengkulu,2022-03,744,744,679,91.26344086021506
BENGKULU,Bengkulu,2022-04,720,720,676,93.88888888888889
BENGKULU,Bengkulu,2022-05,744,744,665,89.38172043010752
BENGKULU,Bengkulu,2022-06,720,719,649,90.13888888888889
BENGKULU,Bengkulu,2022-07,744,744,736,98.9247311827957
BENGKULU,Bengkulu,2022-08,744,744,635,85.34946236559139
BENGKULU,Bengkulu,2022-09,720,628,602,83.61111111111111
BENGKULU,Bengkulu,2022-10,744,619,556,74.73118279569893
BENGKULU,Bengkulu,2022-11,720,720,695,96.52777777777777
BENGKULU,Bengkulu,2022-12,744,744,675,90.7258064516129
BENGKULU,Bengkulu,2023-01,744,744,738,99.19354838709677
BENGKULU,Bengkulu,2023-02,672,672,590,87.79761904761905
BENGKULU,Bengkulu,2023-03,744,728,663,89.11290322580645
BENGKULU,Bengkulu,2023-04,720,717,708,98.33333333333333
BENGKULU,Bengkulu,2023-05,744,744,741,99.59677419354838
BENGKULU,Bengkulu,2023-06,720,720,720,100.0
BENGKULU,Bengkulu,2023-07,744,744,744,100.0
BENGKULU,Bengkulu,2023-08,744,744,742,99.73118279569893
BENGKULU,Bengkulu,2023-09,720,720,720,100.0
BENGKULU,Bengkulu,2023-10,744,744,732,98.38709677419355
BENGKULU,Bengkulu,2023-11,720,720,720,100.0
BENGKULU,Bengkulu,2023-12,744,735,730,98.11827956989248
BENGKULU,Bengkulu,2024-01,744,735,694,93.27956989247312
BENGKULU,Bengkulu,2024-02,696,687,687,98.70689655172414
BENGKULU,Bengkulu,2024-03,744,742,660,88.70967741935483
BENGKULU,Bengkulu,2024-04,720,720,720,100.0
BENGKULU,Bengkulu,2024-05,744,740,740,99.46236559139786
BENGKULU,Bengkulu,2024-06,720,712,706,98.05555555555556
BENGKULU,Bengkulu,2024-07,744,739,739,99.32795698924731
BENGKULU,Bengkulu,2024-08,744,725,664,89.24731182795699
BENGKULU,Bengkulu,2024-09,720,720,720,100.0
BENGKULU,Bengkulu,2024-10,744,744,743,99.86559139784946
BENGKULU,Bengkulu,2024-11,720,720,702,97.5
BENGKULU,Bengkulu,2024-12,744,744,731,98.25268817204301
BENGKULU,Bengkulu,2025-01,744,744,692,93.01075268817205
BENGKULU,Bengkulu,2025-02,672,672,663,98.66071428571429
BENGKULU,Bengkulu,2025-03,744,744,720,96.7741935483871
BENGKULU,Bengkulu,2025-04,720,720,631,87.63888888888889
BENGKULU,Bengkulu,2025-05,744,742,714,95.96774193548387
BENGKULU,Bengkulu,2025-06,720,720,706,98.05555555555556
BENGKULU,Bengkulu,2025-07,744,744,717,96.37096774193549
BENGKULU,Bengkulu,2025-08,744,739,714,95.96774193548387
BENGKULU,Bengkulu,2025-09,720,699,590,81.94444444444444
BENGKULU,Bengkulu,2025-10,744,743,724,97.31182795698925
BENGKULU,Bengkulu,2025-11,720,720,658,91.38888888888889
BENGKULU,Bengkulu,2025-12,744,744,654,87.90322580645162
BENGKULU,Bengkulu,2026-01,744,744,719,96.63978494623656
BENGKULU,Bengkulu,2026-02,672,672,611,90.92261904761905
BENGKULU,Bengkulu,2026-03,744,744,693,93.14516129032258
BENGKULU,Bengkulu,2026-04,720,720,653,90.69444444444444
BENGKULU,Bengkulu,2026-05,744,744,651,87.5
BENGKULU,Bengkulu,2026-06,720,694,681,94.58333333333333
BENGKULU,Bengkulu,2026-07,744,600,584,78.49462365591398
BENGKULU,Bengkulu,2026-08,744,744,741,99.59677419354838
INDRAPURI2,Indrapuri,2021-10,672,653,619,92.11309523809524
INDRAPURI2,Indrapuri,2021-11,720,720,695,96.52777777777777
INDRAPURI2,Indrapuri,2021-12,744,744,680,91.39784946236558
INDRAPURI2,Indrapuri,2022-01,744,744,733,98.52150537634408
INDRAPURI2,Indrapuri,2022-02,672,672,652,97.02380952380952
INDRAPURI2,Indrapuri,2022-03,744,744,647,86.96236559139786
INDRAPURI2,Indrapuri,2022-04,720,720,714,99.16666666666667
INDRAPURI2,Indrapuri,2022-05,744,744,557,74.86559139784946
INDRAPURI2,Indrapuri,2022-06,720,720,668,92.77777777777777
INDRAPURI2,Indrapuri,2022-07,744,744,716,96.23655913978494
INDRAPURI2,Indrapuri,2022-08,744,744,714,95.96774193548387
INDRAPURI2,Indrapuri,2022-09,720,720,703,97.63888888888889
INDRAPURI2,Indrapuri,2022-10,744,744,704,94.6236559139785
INDRAPURI2,Indrapuri,2022-11,720,720,710,98.61111111111111
INDRAPURI2,Indrapuri,2022-12,744,744,728,97.84946236559139
INDRAPURI2,Indrapuri,2023-01,744,742,714,95.96774193548387
INDRAPURI2,Indrapuri,2023-02,672,672,662,98.51190476190476
INDRAPURI2,Indrapuri,2023-03,744,744,708,95.16129032258064
INDRAPURI2,Indrapuri,2023-04,720,719,718,99.72222222222223
INDRAPURI2,Indrapuri,2023-05,744,728,707,95.02688172043011
INDRAPURI2,Indrapuri,2023-06,720,720,655,90.97222222222223
INDRAPURI2,Indrapuri,2023-07,744,744,696,93.54838709677419
INDRAPURI2,Indrapuri,2023-08,744,744,598,80.3763440860215
INDRAPURI2,Indrapuri,2023-09,720,702,584,81.11111111111111
INDRAPURI2,Indrapuri,2023-10,744,744,693,93.14516129032258
INDRAPURI2,Indrapuri,2023-11,720,720,680,94.44444444444444
INDRAPURI2,Indrapuri,2023-12,744,744,741,99.59677419354838
INDRAPURI2,Indrapuri,2024-01,744,744,743,99.86559139784946
INDRAPURI2,Indrapuri,2024-02,696,696,696,100.0
INDRAPURI2,Indrapuri,2024-03,744,728,705,94.75806451612904
INDRAPURI2,Indrapuri,2024-04,720,720,718,99.72222222222223
INDRAPURI2,Indrapuri,2024-05,744,736,725,97.44623655913979
INDRAPURI2,Indrapuri,2024-06,720,718,711,98.75
INDRAPURI2,Indrapuri,2024-07,744,744,743,99.86559139784946
INDRAPURI2,Indrapuri,2024-08,744,744,717,96.37096774193549
INDRAPURI2,Indrapuri,2024-09,720,720,696,96.66666666666667
INDRAPURI2,Indrapuri,2024-10,744,744,742,99.73118279569893
INDRAPURI2,Indrapuri,2024-11,720,720,554,76.94444444444444
INDRAPURI2,Indrapuri,2024-12,744,743,662,88.97849462365592
INDRAPURI2,Indrapuri,2025-01,744,744,725,97.44623655913979
INDRAPURI2,Indrapuri,2025-02,672,672,671,99.85119047619048
INDRAPURI2,Indrapuri,2025-03,744,744,740,99.46236559139786
INDRAPURI2,Indrapuri,2025-04,720,720,713,99.02777777777777
INDRAPURI2,Indrapuri,2025-05,744,744,727,97.71505376344086
INDRAPURI2,Indrapuri,2025-06,720,720,697,96.80555555555556
INDRAPURI2,Indrapuri,2025-07,744,743,737,99.05913978494624
INDRAPURI2,Indrapuri,2025-08,744,744,690,92.74193548387096
INDRAPURI2,Indrapuri,2025-09,720,684,676,93.88888888888889
INDRAPURI2,Indrapuri,2025-10,744,706,699,93.95161290322581
INDRAPURI2,Indrapuri,2025-11,720,644,576,80.0
INDRAPURI2,Indrapuri,2025-12,744,277,264,35.483870967741936
INDRAPURI2,Indrapuri,2026-01,744,740,736,98.9247311827957
INDRAPURI2,Indrapuri,2026-02,672,672,655,97.4702380952381
INDRAPURI2,Indrapuri,2026-03,744,743,743,99.86559139784946
INDRAPURI2,Indrapuri,2026-04,720,712,705,97.91666666666667
INDRAPURI2,Indrapuri,2026-05,744,730,666,89.51612903225806
INDRAPURI2,Indrapuri,2026-06,720,719,632,87.77777777777777
INDRAPURI2,Indrapuri,2026-07,744,742,696,93.54838709677419
INDRAPURI2,Indrapuri,2026-08,744,718,717,96.37096774193549
KEMAYORAN3,Kemayoran,2021-08,164,164,154,93.90243902439025
KEMAYORAN3,Kemayoran,2021-09,720,720,720,100.0
KEMAYORAN3,Kemayoran,2021-10,744,603,549,73.79032258064517
KEMAYORAN3,Kemayoran,2021-11,720,720,687,95.41666666666667
KEMAYORAN3,Kemayoran,2021-12,744,744,742,99.73118279569893
KEMAYORAN3,Kemayoran,2022-01,744,474,419,56.31720430107527
KEMAYORAN3,Kemayoran,2022-02,672,599,597,88.83928571428571
KEMAYORAN3,Kemayoran,2022-03,744,744,708,95.16129032258064
KEMAYORAN3,Kemayoran,2022-04,720,720,720,100.0
KEMAYORAN3,Kemayoran,2022-05,744,744,732,98.38709677419355
KEMAYORAN3,Kemayoran,2022-06,720,720,690,95.83333333333333
KEMAYORAN3,Kemayoran,2022-07,744,744,739,99.32795698924731
KEMAYORAN3,Kemayoran,2022-08,744,744,726,97.58064516129032
KEMAYORAN3,Kemayoran,2022-09,720,720,719,99.86111111111111
KEMAYORAN3,Kemayoran,2022-10,744,744,731,98.25268817204301
KEMAYORAN3,Kemayoran,2022-11,720,716,712,98.88888888888889
KEMAYORAN3,Kemayoran,2022-12,744,690,610,81.98924731182795
KEMAYORAN3,Kemayoran,2023-01,744,744,744,100.0
KEMAYORAN3,Kemayoran,2023-02,672,672,671,99.85119047619048
KEMAYORAN3,Kemayoran,2023-03,744,744,708,95.16129032258064
KEMAYORAN3,Kemayoran,2023-04,720,720,720,100.0
KEMAYORAN3,Kemayoran,2023-05,744,744,728,97.84946236559139
KEMAYORAN3,Kemayoran,2023-06,720,720,720,100.0
KEMAYORAN3,Kemayoran,2023-07,744,744,744,100.0
KEMAYORAN3,Kemayoran,2023-08,744,744,720,96.7741935483871
KEMAYORAN3,Kemayoran,2023-09,720,720,720,100.0
KEMAYORAN3,Kemayoran,2023-10,744,744,737,99.05913978494624
KEMAYORAN3,Kemayoran,2023-11,720,716,711,98.75
KEMAYORAN3,Kemayoran,2023-12,744,744,744,100.0
KEMAYORAN3,Kemayoran,2024-01,744,744,741,99.59677419354838
KEMAYORAN3,Kemayoran,2024-02,696,696,696,100.0
KEMAYORAN3,Kemayoran,2024-03,744,744,671,90.18817204301075
KEMAYORAN3,Kemayoran,2024-04,720,696,691,95.97222222222223
KEMAYORAN3,Kemayoran,2024-05,744,742,741,99.59677419354838
KEMAYORAN3,Kemayoran,2024-06,720,720,696,96.66666666666667
KEMAYORAN3,Kemayoran,2024-07,744,744,744,100.0
KEMAYORAN3,Kemayoran,2024-08,744,743,730,98.11827956989248
KEMAYORAN3,Kemayoran,2024-09,720,685,676,93.88888888888889
KEMAYORAN3,Kemayoran,2024-10,744,744,744,100.0
KEMAYORAN3,Kemayoran,2024-11,720,717,702,97.5
KEMAYORAN3,Kemayoran,2024-12,744,744,743,99.86559139784946
KEMAYORAN3,Kemayoran,2025-01,744,744,739,99.32795698924731
KEMAYORAN3,Kemayoran,2025-02,672,672,672,100.0
KEMAYORAN3,Kemayoran,2025-03,744,700,690,92.74193548387096
KEMAYORAN3,Kemayoran,2025-04,720,705,676,93.88888888888889
KEMAYORAN3,Kemayoran,2025-05,744,737,737,99.05913978494624
KEMAYORAN3,Kemayoran,2025-06,720,713,713,99.02777777777777
KEMAYORAN3,Kemayoran,2025-07,744,744,737,99.05913978494624
KEMAYORAN3,Kemayoran,2025-08,744,734,723,97.1774193548387
KEMAYORAN3,Kemayoran,2025-09,720,682,658,91.38888888888889
KEMAYORAN3,Kemayoran,2025-10,744,744,743,99.86559139784946
KEMAYORAN3,Kemayoran,2025-11,720,720,713,99.02777777777777
KEMAYORAN3,Kemayoran,2025-12,744,744,743,99.86559139784946
KEMAYORAN3,Kemayoran,2026-01,744,712,708,95.16129032258064
KEMAYORAN3,Kemayoran,2026-02,672,672,669,99.55357142857143
KEMAYORAN3,Kemayoran,2026-03,744,733,731,98.25268817204301
KEMAYORAN3,Kemayoran,2026-04,720,720,719,99.86111111111111
KEMAYORAN3,Kemayoran,2026-05,744,739,737,99.05913978494624
KEMAYORAN3,Kemayoran,2026-06,720,716,694,96.38888888888889
KEMAYORAN3,Kemayoran,2026-07,744,743,741,99.59677419354838
KEMAYORAN3,Kemayoran,2026-08,744,744,744,100.0
JAMBI3,Kota Jambi,2021-01,744,676,649,87.23118279569893
JAMBI3,Kota Jambi,2021-02,672,612,606,90.17857142857143
JAMBI3,Kota Jambi,2021-03,744,638,629,84.54301075268818
JAMBI3,Kota Jambi,2021-04,720,685,679,94.30555555555556
JAMBI3,Kota Jambi,2021-05,744,679,670,90.05376344086021
JAMBI3,Kota Jambi,2021-06,720,690,685,95.13888888888889
JAMBI3,Kota Jambi,2021-07,744,643,625,84.00537634408602
JAMBI3,Kota Jambi,2021-08,744,735,730,98.11827956989248
JAMBI3,Kota Jambi,2021-09,720,710,703,97.63888888888889
JAMBI3,Kota Jambi,2021-10,744,713,701,94.22043010752688
JAMBI3,Kota Jambi,2021-11,720,706,690,95.83333333333333
JAMBI3,Kota Jambi,2021-12,744,705,637,85.61827956989248
JAMBI3,Kota Jambi,2022-01,744,734,725,97.44623655913979
JAMBI3,Kota Jambi,2022-02,672,654,643,95.68452380952381
JAMBI3,Kota Jambi,2022-03,744,718,705,94.75806451612904
JAMBI3,Kota Jambi,2022-04,720,711,705,97.91666666666667
JAMBI3,Kota Jambi,2022-05,744,700,673,90.45698924731182
JAMBI3,Kota Jambi,2022-06,720,482,469,65.13888888888889
JAMBI3,Kota Jambi,2022-07,744,716,704,94.6236559139785
JAMBI3,Kota Jambi,2022-08,744,699,665,89.38172043010752
JAMBI3,Kota Jambi,2022-09,720,651,628,87.22222222222223
JAMBI3,Kota Jambi,2022-10,744,710,670,90.05376344086021
JAMBI3,Kota Jambi,2022-11,720,672,649,90.13888888888889
JAMBI3,Kota Jambi,2022-12,744,741,736,98.9247311827957
JAMBI3,Kota Jambi,2023-01,744,709,670,90.05376344086021
JAMBI3,Kota Jambi,2023-02,672,616,605,90.0297619047619
JAMBI3,Kota Jambi,2023-03,744,709,700,94.08602150537635
JAMBI3,Kota Jambi,2023-04,720,682,658,91.38888888888889
JAMBI3,Kota Jambi,2023-05,744,703,685,92.06989247311827
JAMBI3,Kota Jambi,2023-06,720,335,332,46.111111111111114
JAMBI3,Kota Jambi,2023-07,744,558,508,68.27956989247312
JAMBI3,Kota Jambi,2023-08,744,728,707,95.02688172043011
JAMBI3,Kota Jambi,2023-09,720,706,691,95.97222222222223
JAMBI3,Kota Jambi,2023-10,744,722,710,95.43010752688173
JAMBI3,Kota Jambi,2023-11,720,669,651,90.41666666666667
JAMBI3,Kota Jambi,2023-12,744,713,702,94.35483870967742
JAMBI3,Kota Jambi,2024-01,744,712,708,95.16129032258064
JAMBI3,Kota Jambi,2024-02,696,683,675,96.98275862068965
JAMBI3,Kota Jambi,2024-03,744,612,611,82.1236559139785
JAMBI3,Kota Jambi,2024-04,720,585,583,80.97222222222223
JAMBI3,Kota Jambi,2024-05,744,726,724,97.31182795698925
JAMBI3,Kota Jambi,2024-06,720,698,698,96.94444444444444
JAMBI3,Kota Jambi,2024-07,744,710,643,86.4247311827957
JAMBI3,Kota Jambi,2024-08,744,744,744,100.0
JAMBI3,Kota Jambi,2024-09,720,710,699,97.08333333333333
JAMBI3,Kota Jambi,2024-10,744,744,730,98.11827956989248
JAMBI3,Kota Jambi,2024-11,720,720,683,94.86111111111111
JAMBI3,Kota Jambi,2024-12,744,744,658,88.44086021505376
JAMBI3,Kota Jambi,2025-01,744,744,731,98.25268817204301
JAMBI3,Kota Jambi,2025-02,672,672,652,97.02380952380952
JAMBI3,Kota Jambi,2025-03,744,744,716,96.23655913978494
JAMBI3,Kota Jambi,2025-04,720,720,714,99.16666666666667
JAMBI3,Kota Jambi,2025-05,744,744,719,96.63978494623656
JAMBI3,Kota Jambi,2025-06,720,720,717,99.58333333333333
JAMBI3,Kota Jambi,2025-07,744,744,738,99.19354838709677
JAMBI3,Kota Jambi,2025-08,744,741,724,97.31182795698925
JAMBI3,Kota Jambi,2025-09,720,720,712,98.88888888888889
JAMBI3,Kota Jambi,2025-10,744,744,733,98.52150537634408
JAMBI3,Kota Jambi,2025-11,720,715,712,98.88888888888889
JAMBI3,Kota Jambi,2025-12,744,744,722,97.04301075268818
JAMBI3,Kota Jambi,2026-01,744,744,743,99.86559139784946
JAMBI3,Kota Jambi,2026-02,672,672,672,100.0
JAMBI3,Kota Jambi,2026-03,744,744,729,97.98387096774194
JAMBI3,Kota Jambi,2026-04,720,720,714,99.16666666666667
JAMBI3,Kota Jambi,2026-05,744,731,715,96.10215053763442
JAMBI3,Kota Jambi,2026-06,720,720,719,99.86111111111111
JAMBI3,Kota Jambi,2026-07,744,744,741,99.59677419354838
JAMBI3,Kota Jambi,2026-08,744,732,711,95.56451612903226
KOTABARU,Kotabaru,2021-10,529,528,450,85.06616257088847
KOTABARU,Kotabaru,2021-11,720,720,624,86.66666666666667
KOTABARU,Kotabaru,2021-12,744,744,661,88.84408602150538
KOTABARU,Kotabaru,2022-01,744,744,640,86.02150537634408
KOTABARU,Kotabaru,2022-02,672,672,586,87.20238095238095
KOTABARU,Kotabaru,2022-03,744,744,655,88.03763440860214
KOTABARU,Kotabaru,2022-04,720,720,701,97.36111111111111
KOTABARU,Kotabaru,2022-05,744,744,651,87.5
KOTABARU,Kotabaru,2022-06,720,720,650,90.27777777777777
KOTABARU,Kotabaru,2022-07,744,744,706,94.89247311827957
KOTABARU,Kotabaru,2022-08,744,744,625,84.00537634408602
KOTABARU,Kotabaru,2022-09,720,720,703,97.63888888888889
KOTABARU,Kotabaru,2022-10,744,744,733,98.52150537634408
KOTABARU,Kotabaru,2022-11,720,720,712,98.88888888888889
KOTABARU,Kotabaru,2022-12,744,744,736,98.9247311827957
KOTABARU,Kotabaru,2023-01,744,744,741,99.59677419354838
KOTABARU,Kotabaru,2023-02,672,672,665,98.95833333333333
KOTABARU,Kotabaru,2023-03,744,744,734,98.65591397849462
KOTABARU,Kotabaru,2023-04,720,720,718,99.72222222222223
KOTABARU,Kotabaru,2023-05,744,744,743,99.86559139784946
KOTABARU,Kotabaru,2023-06,720,720,719,99.86111111111111
KOTABARU,Kotabaru,2023-07,744,744,743,99.86559139784946
KOTABARU,Kotabaru,2023-08,744,744,741,99.59677419354838
KOTABARU,Kotabaru,2023-09,720,720,717,99.58333333333333
KOTABARU,Kotabaru,2023-10,744,744,744,100.0
KOTABARU,Kotabaru,2023-11,720,720,719,99.86111111111111
KOTABARU,Kotabaru,2023-12,744,744,743,99.86559139784946
KOTABARU,Kotabaru,2024-01,744,710,690,92.74193548387096
KOTABARU,Kotabaru,2024-02,696,696,693,99.56896551724138
KOTABARU,Kotabaru,2024-03,744,744,736,98.9247311827957
KOTABARU,Kotabaru,2024-04,720,720,708,98.33333333333333
KOTABARU,Kotabaru,2024-05,744,744,735,98.79032258064517
KOTABARU,Kotabaru,2024-06,720,720,680,94.44444444444444
KOTABARU,Kotabaru,2024-07,744,734,695,93.41397849462365
KOTABARU,Kotabaru,2024-08,744,742,715,96.10215053763442
KOTABARU,Kotabaru,2024-09,720,720,678,94.16666666666667
KOTABARU,Kotabaru,2024-10,744,744,744,100.0
KOTABARU,Kotabaru,2024-11,720,720,718,99.72222222222223
KOTABARU,Kotabaru,2024-12,744,744,742,99.73118279569893
KOTABARU,Kotabaru,2025-01,744,744,741,99.59677419354838
KOTABARU,Kotabaru,2025-02,672,672,671,99.85119047619048
KOTABARU,Kotabaru,2025-03,744,744,742,99.73118279569893
KOTABARU,Kotabaru,2025-04,720,720,692,96.11111111111111
KOTABARU,Kotabaru,2025-05,744,744,669,89.91935483870968
KOTABARU,Kotabaru,2025-06,720,720,617,85.69444444444444
KOTABARU,Kotabaru,2025-07,744,741,707,95.02688172043011
KOTABARU,Kotabaru,2025-08,744,742,711,95.56451612903226
KOTABARU,Kotabaru,2025-09,720,720,688,95.55555555555556
KOTABARU,Kotabaru,2025-10,744,744,711,95.56451612903226
KOTABARU,Kotabaru,2025-11,720,720,694,96.38888888888889
KOTABARU,Kotabaru,2025-12,744,744,651,87.5
KOTABARU,Kotabaru,2026-01,744,744,693,93.14516129032258
KOTABARU,Kotabaru,2026-02,672,672,560,83.33333333333333
KOTABARU,Kotabaru,2026-03,744,744,686,92.20430107526882
KOTABARU,Kotabaru,2026-04,720,720,597,82.91666666666667
KOTABARU,Kotabaru,2026-05,744,744,569,76.47849462365592
KOTABARU,Kotabaru,2026-06,720,720,628,87.22222222222223
KOTABARU,Kotabaru,2026-07,744,744,735,98.79032258064517
KOTABARU,Kotabaru,2026-08,744,744,743,99.86559139784946
KOTOTABANG2,Koto Tabang,2021-09,162,162,141,87.03703703703704
KOTOTABANG2,Koto Tabang,2021-10,744,744,674,90.59139784946237
KOTOTABANG2,Koto Tabang,2021-11,720,720,622,86.38888888888889
KOTOTABANG2,Koto Tabang,2021-12,744,744,620,83.33333333333333
KOTOTABANG2,Koto Tabang,2022-01,744,744,718,96.50537634408602
KOTOTABANG2,Koto Tabang,2022-02,672,672,641,95.38690476190476
KOTOTABANG2,Koto Tabang,2022-03,744,744,718,96.50537634408602
KOTOTABANG2,Koto Tabang,2022-04,720,720,616,85.55555555555556
KOTOTABANG2,Koto Tabang,2022-05,744,744,609,81.85483870967742
KOTOTABANG2,Koto Tabang,2022-06,720,720,693,96.25
KOTOTABANG2,Koto Tabang,2022-07,744,744,710,95.43010752688173
KOTOTABANG2,Koto Tabang,2022-08,744,744,666,89.51612903225806
KOTOTABANG2,Koto Tabang,2022-09,720,720,661,91.80555555555556
KOTOTABANG2,Koto Tabang,2022-10,744,744,573,77.01612903225806
KOTOTABANG2,Koto Tabang,2022-11,720,720,463,64.30555555555556
KOTOTABANG2,Koto Tabang,2022-12,744,744,512,68.81720430107526
KOTOTABANG2,Koto Tabang,2023-01,744,744,665,89.38172043010752
KOTOTABANG2,Koto Tabang,2023-02,672,671,643,95.68452380952381
KOTOTABANG2,Koto Tabang,2023-03,744,744,675,90.7258064516129
KOTOTABANG2,Koto Tabang,2023-04,720,720,608,84.44444444444444
KOTOTABANG2,Koto Tabang,2023-05,744,729,589,79.16666666666667
KOTOTABANG2,Koto Tabang,2023-06,720,713,642,89.16666666666667
KOTOTABANG2,Koto Tabang,2023-07,744,744,637,85.61827956989248
KOTOTABANG2,Koto Tabang,2023-08,744,727,689,92.60752688172043
KOTOTABANG2,Koto Tabang,2023-09,720,683,678,94.16666666666667
KOTOTABANG2,Koto Tabang,2023-10,744,741,736,98.9247311827957
KOTOTABANG2,Koto Tabang,2023-11,720,712,687,95.41666666666667
KOTOTABANG2,Koto Tabang,2023-12,744,737,710,95.43010752688173
KOTOTABANG2,Koto Tabang,2024-01,744,723,700,94.08602150537635
KOTOTABANG2,Koto Tabang,2024-02,696,598,580,83.33333333333333
KOTOTABANG2,Koto Tabang,2024-03,744,688,658,88.44086021505376
KOTOTABANG2,Koto Tabang,2024-04,720,677,653,90.69444444444444
KOTOTABANG2,Koto Tabang,2024-05,744,727,718,96.50537634408602
KOTOTABANG2,Koto Tabang,2024-06,720,707,658,91.38888888888889
KOTOTABANG2,Koto Tabang,2024-07,744,722,599,80.51075268817205
KOTOTABANG2,Koto Tabang,2024-08,744,723,554,74.46236559139786
KOTOTABANG2,Koto Tabang,2024-09,720,719,639,88.75
KOTOTABANG2,Koto Tabang,2024-10,744,702,639,85.88709677419355
KOTOTABANG2,Koto Tabang,2024-11,720,708,594,82.5
KOTOTABANG2,Koto Tabang,2024-12,744,744,615,82.66129032258064
KOTOTABANG2,Koto Tabang,2025-01,744,742,666,89.51612903225806
KOTOTABANG2,Koto Tabang,2025-02,672,672,632,94.04761904761905
KOTOTABANG2,Koto Tabang,2025-03,744,741,636,85.48387096774194
KOTOTABANG2,Koto Tabang,2025-04,720,720,595,82.63888888888889
KOTOTABANG2,Koto Tabang,2025-05,744,744,679,91.26344086021506
KOTOTABANG2,Koto Tabang,2025-06,720,695,673,93.47222222222223
KOTOTABANG2,Koto Tabang,2025-07,744,744,728,97.84946236559139
KOTOTABANG2,Koto Tabang,2025-08,744,736,662,88.97849462365592
KOTOTABANG2,Koto Tabang,2025-09,720,157,156,21.666666666666668
KOTOTABANG2,Koto Tabang,2025-10,744,266,266,35.75268817204301
KOTOTABANG2,Koto Tabang,2025-11,720,629,401,55.69444444444444
KOTOTABANG2,Koto Tabang,2025-12,744,657,482,64.78494623655914
KOTOTABANG2,Koto Tabang,2026-01,744,734,695,93.41397849462365
KOTOTABANG2,Koto Tabang,2026-02,672,671,600,89.28571428571429
KOTOTABANG2,Koto Tabang,2026-03,744,734,709,95.29569892473118
KOTOTABANG2,Koto Tabang,2026-04,720,688,557,77.36111111111111
KOTOTABANG2,Koto Tabang,2026-05,744,690,628,84.40860215053763
KOTOTABANG2,Koto Tabang,2026-06,720,720,686,95.27777777777777
KOTOTABANG2,Koto Tabang,2026-07,744,744,708,95.16129032258064
KOTOTABANG2,Koto Tabang,2026-08,744,744,699,93.95161290322581
SUPADIO,Kubu Raya,2021-09,523,514,492,94.07265774378585
SUPADIO,Kubu Raya,2021-10,744,725,681,91.53225806451613
SUPADIO,Kubu Raya,2021-11,720,720,697,96.80555555555556
SUPADIO,Kubu Raya,2021-12,744,743,738,99.19354838709677
SUPADIO,Kubu Raya,2022-01,744,744,739,99.32795698924731
SUPADIO,Kubu Raya,2022-02,672,672,663,98.66071428571429
SUPADIO,Kubu Raya,2022-03,744,744,740,99.46236559139786
SUPADIO,Kubu Raya,2022-04,720,720,718,99.72222222222223
SUPADIO,Kubu Raya,2022-05,744,744,744,100.0
SUPADIO,Kubu Raya,2022-06,720,720,719,99.86111111111111
SUPADIO,Kubu Raya,2022-07,744,738,730,98.11827956989248
SUPADIO,Kubu Raya,2022-08,744,744,741,99.59677419354838
SUPADIO,Kubu Raya,2022-09,720,720,719,99.86111111111111
SUPADIO,Kubu Raya,2022-10,744,744,739,99.32795698924731
SUPADIO,Kubu Raya,2022-11,720,720,719,99.86111111111111
SUPADIO,Kubu Raya,2022-12,744,744,725,97.44623655913979
SUPADIO,Kubu Raya,2023-01,744,744,742,99.73118279569893
SUPADIO,Kubu Raya,2023-02,672,672,667,99.25595238095238
SUPADIO,Kubu Raya,2023-03,744,744,735,98.79032258064517
SUPADIO,Kubu Raya,2023-04,720,720,719,99.86111111111111
SUPADIO,Kubu Raya,2023-05,744,744,739,99.32795698924731
SUPADIO,Kubu Raya,2023-06,720,710,704,97.77777777777777
SUPADIO,Kubu Raya,2023-07,744,744,740,99.46236559139786
SUPADIO,Kubu Raya,2023-08,744,744,742,99.73118279569893
SUPADIO,Kubu Raya,2023-09,720,720,720,100.0
SUPADIO,Kubu Raya,2023-10,744,744,739,99.32795698924731
SUPADIO,Kubu Raya,2023-11,720,718,712,98.88888888888889
SUPADIO,Kubu Raya,2023-12,744,743,710,95.43010752688173
SUPADIO,Kubu Raya,2024-01,744,725,713,95.83333333333333
SUPADIO,Kubu Raya,2024-02,696,696,693,99.56896551724138
SUPADIO,Kubu Raya,2024-03,744,744,741,99.59677419354838
SUPADIO,Kubu Raya,2024-04,720,720,710,98.61111111111111
SUPADIO,Kubu Raya,2024-05,744,744,742,99.73118279569893
SUPADIO,Kubu Raya,2024-06,720,720,716,99.44444444444444
SUPADIO,Kubu Raya,2024-07,744,736,721,96.90860215053763
SUPADIO,Kubu Raya,2024-08,744,740,733,98.52150537634408
SUPADIO,Kubu Raya,2024-09,720,720,715,99.30555555555556
SUPADIO,Kubu Raya,2024-10,744,744,740,99.46236559139786
SUPADIO,Kubu Raya,2024-11,720,711,709,98.47222222222223
SUPADIO,Kubu Raya,2024-12,744,742,712,95.6989247311828
SUPADIO,Kubu Raya,2025-01,744,736,702,94.35483870967742
SUPADIO,Kubu Raya,2025-02,672,668,658,97.91666666666667
SUPADIO,Kubu Raya,2025-03,744,739,728,97.84946236559139
SUPADIO,Kubu Raya,2025-04,720,563,559,77.63888888888889
SUPADIO,Kubu Raya,2025-05,744,707,706,94.89247311827957
SUPADIO,Kubu Raya,2025-06,720,719,718,99.72222222222223
SUPADIO,Kubu Raya,2025-07,744,744,734,98.65591397849462
SUPADIO,Kubu Raya,2025-08,744,729,725,97.44623655913979
SUPADIO,Kubu Raya,2025-09,720,704,697,96.80555555555556
SUPADIO,Kubu Raya,2025-10,744,744,740,99.46236559139786
SUPADIO,Kubu Raya,2025-11,720,687,687,95.41666666666667
SUPADIO,Kubu Raya,2025-12,744,729,726,97.58064516129032
SUPADIO,Kubu Raya,2026-01,744,736,712,95.6989247311828
SUPADIO,Kubu Raya,2026-02,672,672,672,100.0
SUPADIO,Kubu Raya,2026-03,744,677,677,90.99462365591398
SUPADIO,Kubu Raya,2026-04,720,720,719,99.86111111111111
SUPADIO,Kubu Raya,2026-05,744,744,740,99.46236559139786
SUPADIO,Kubu Raya,2026-06,720,720,712,98.88888888888889
SUPADIO,Kubu Raya,2026-07,744,744,744,100.0
SUPADIO,Kubu Raya,2026-08,744,744,743,99.86559139784946
PALU,Lore Lindu Bariri,2021-01,216,8,6,2.7777777777777777
PALU,Lore Lindu Bariri,2021-02,672,0,0,0.0
PALU,Lore Lindu Bariri,2021-03,744,0,0,0.0
PALU,Lore Lindu Bariri,2021-04,720,0,0,0.0
PALU,Lore Lindu Bariri,2021-05,744,0,0,0.0
PALU,Lore Lindu Bariri,2021-06,720,0,0,0.0
PALU,Lore Lindu Bariri,2021-07,744,0,0,0.0
PALU,Lore Lindu Bariri,2021-08,744,0,0,0.0
PALU,Lore Lindu Bariri,2021-09,720,0,0,0.0
PALU,Lore Lindu Bariri,2021-10,744,580,476,63.97849462365591
PALU,Lore Lindu Bariri,2021-11,720,720,284,39.44444444444444
PALU,Lore Lindu Bariri,2021-12,744,744,572,76.88172043010752
PALU,Lore Lindu Bariri,2022-01,744,744,689,92.60752688172043
PALU,Lore Lindu Bariri,2022-02,672,672,657,97.76785714285714
PALU,Lore Lindu Bariri,2022-03,744,744,258,34.67741935483871
PALU,Lore Lindu Bariri,2022-04,720,720,711,98.75
PALU,Lore Lindu Bariri,2022-05,744,744,729,97.98387096774194
PALU,Lore Lindu Bariri,2022-06,720,720,703,97.63888888888889
PALU,Lore Lindu Bariri,2022-07,744,744,738,99.19354838709677
PALU,Lore Lindu Bariri,2022-08,744,744,624,83.87096774193549
PALU,Lore Lindu Bariri,2022-09,720,720,705,97.91666666666667
PALU,Lore Lindu Bariri,2022-10,744,744,686,92.20430107526882
PALU,Lore Lindu Bariri,2022-11,720,720,720,100.0
PALU,Lore Lindu Bariri,2022-12,744,744,711,95.56451612903226
PALU,Lore Lindu Bariri,2023-01,744,744,711,95.56451612903226
PALU,Lore Lindu Bariri,2023-02,672,672,625,93.00595238095238
PALU,Lore Lindu Bariri,2023-03,744,744,741,99.59677419354838
PALU,Lore Lindu Bariri,2023-04,720,720,720,100.0
PALU,Lore Lindu Bariri,2023-05,744,744,736,98.9247311827957
PALU,Lore Lindu Bariri,2023-06,720,720,668,92.77777777777777
PALU,Lore Lindu Bariri,2023-07,744,744,715,96.10215053763442
PALU,Lore Lindu Bariri,2023-08,744,744,744,100.0
PALU,Lore Lindu Bariri,2023-09,720,202,189,26.25
PALU,Lore Lindu Bariri,2023-10,744,744,503,67.60752688172043
PALU,Lore Lindu Bariri,2023-11,720,603,0,0.0
PALU,Lore Lindu Bariri,2023-12,744,318,0,0.0
PALU,Lore Lindu Bariri,2024-01,744,6,0,0.0
PALU,Lore Lindu Bariri,2024-02,696,0,0,0.0
PALU,Lore Lindu Bariri,2024-03,744,0,0,0.0
PALU,Lore Lindu Bariri,2024-04,720,0,0,0.0
PALU,Lore Lindu Bariri,2024-05,744,371,349,46.90860215053763
PALU,Lore Lindu Bariri,2024-06,720,720,718,99.72222222222223
PALU,Lore Lindu Bariri,2024-07,744,743,735,98.79032258064517
PALU,Lore Lindu Bariri,2024-08,744,721,721,96.90860215053763
PALU,Lore Lindu Bariri,2024-09,720,631,629,87.36111111111111
PALU,Lore Lindu Bariri,2024-10,744,317,317,42.60752688172043
PALU,Lore Lindu Bariri,2024-11,720,0,0,0.0
PALU,Lore Lindu Bariri,2024-12,744,0,0,0.0
PALU,Lore Lindu Bariri,2025-01,744,0,0,0.0
PALU,Lore Lindu Bariri,2025-02,672,0,0,0.0
PALU,Lore Lindu Bariri,2025-03,744,0,0,0.0
PALU,Lore Lindu Bariri,2025-04,720,0,0,0.0
PALU,Lore Lindu Bariri,2025-05,744,0,0,0.0
PALU,Lore Lindu Bariri,2025-06,720,0,0,0.0
PALU,Lore Lindu Bariri,2025-07,744,0,0,0.0
PALU,Lore Lindu Bariri,2025-08,744,0,0,0.0
PALU,Lore Lindu Bariri,2025-09,720,0,0,0.0
PALU,Lore Lindu Bariri,2025-10,744,0,0,0.0
PALU,Lore Lindu Bariri,2025-11,720,0,0,0.0
PALU,Lore Lindu Bariri,2025-12,744,0,0,0.0
PALU,Lore Lindu Bariri,2026-01,744,0,0,0.0
PALU,Lore Lindu Bariri,2026-02,672,0,0,0.0
PALU,Lore Lindu Bariri,2026-03,744,0,0,0.0
PALU,Lore Lindu Bariri,2026-04,720,0,0,0.0
PALU,Lore Lindu Bariri,2026-05,744,0,0,0.0
PALU,Lore Lindu Bariri,2026-06,720,441,374,51.94444444444444
PALU,Lore Lindu Bariri,2026-07,744,720,720,96.7741935483871
PALU,Lore Lindu Bariri,2026-08,744,744,723,97.1774193548387
MALANG,Malang,2021-09,172,172,152,88.37209302325581
MALANG,Malang,2021-10,744,616,611,82.1236559139785
MALANG,Malang,2021-11,720,586,580,80.55555555555556
MALANG,Malang,2021-12,744,744,469,63.03763440860215
MALANG,Malang,2022-01,744,638,629,84.54301075268818
MALANG,Malang,2022-02,672,648,641,95.38690476190476
MALANG,Malang,2022-03,744,737,722,97.04301075268818
MALANG,Malang,2022-04,720,707,705,97.91666666666667
MALANG,Malang,2022-05,744,733,728,97.84946236559139
MALANG,Malang,2022-06,720,639,632,87.77777777777777
MALANG,Malang,2022-07,744,744,743,99.86559139784946
MALANG,Malang,2022-08,744,728,696,93.54838709677419
MALANG,Malang,2022-09,720,704,696,96.66666666666667
MALANG,Malang,2022-10,744,738,728,97.84946236559139
MALANG,Malang,2022-11,720,697,692,96.11111111111111
MALANG,Malang,2022-12,744,734,724,97.31182795698925
MALANG,Malang,2023-01,744,744,741,99.59677419354838
MALANG,Malang,2023-02,672,636,629,93.60119047619048
MALANG,Malang,2023-03,744,744,737,99.05913978494624
MALANG,Malang,2023-04,720,687,664,92.22222222222223
MALANG,Malang,2023-05,744,744,743,99.86559139784946
MALANG,Malang,2023-06,720,720,715,99.30555555555556
MALANG,Malang,2023-07,744,744,736,98.9247311827957
MALANG,Malang,2023-08,744,728,724,97.31182795698925
MALANG,Malang,2023-09,720,710,641,89.02777777777777
MALANG,Malang,2023-10,744,732,700,94.08602150537635
MALANG,Malang,2023-11,720,720,714,99.16666666666667
MALANG,Malang,2023-12,744,744,743,99.86559139784946
MALANG,Malang,2024-01,744,737,723,97.1774193548387
MALANG,Malang,2024-02,696,693,623,89.51149425287356
MALANG,Malang,2024-03,744,744,678,91.12903225806451
MALANG,Malang,2024-04,720,719,715,99.30555555555556
MALANG,Malang,2024-05,744,575,558,75.0
MALANG,Malang,2024-06,720,720,720,100.0
MALANG,Malang,2024-07,744,720,718,96.50537634408602
MALANG,Malang,2024-08,744,738,736,98.9247311827957
MALANG,Malang,2024-09,720,717,717,99.58333333333333
MALANG,Malang,2024-10,744,725,689,92.60752688172043
MALANG,Malang,2024-11,720,720,717,99.58333333333333
MALANG,Malang,2024-12,744,725,715,96.10215053763442
MALANG,Malang,2025-01,744,735,713,95.83333333333333
MALANG,Malang,2025-02,672,670,669,99.55357142857143
MALANG,Malang,2025-03,744,743,684,91.93548387096774
MALANG,Malang,2025-04,720,720,718,99.72222222222223
MALANG,Malang,2025-05,744,744,742,99.73118279569893
MALANG,Malang,2025-06,720,717,714,99.16666666666667
MALANG,Malang,2025-07,744,744,744,100.0
MALANG,Malang,2025-08,744,740,729,97.98387096774194
MALANG,Malang,2025-09,720,713,710,98.61111111111111
MALANG,Malang,2025-10,744,689,666,89.51612903225806
MALANG,Malang,2025-11,720,717,665,92.36111111111111
MALANG,Malang,2025-12,744,744,742,99.73118279569893
MALANG,Malang,2026-01,744,725,702,94.35483870967742
MALANG,Malang,2026-02,672,672,633,94.19642857142857
MALANG,Malang,2026-03,744,739,689,92.60752688172043
MALANG,Malang,2026-04,720,699,694,96.38888888888889
MALANG,Malang,2026-05,744,744,727,97.71505376344086
MALANG,Malang,2026-06,720,712,707,98.19444444444444
MALANG,Malang,2026-07,744,742,738,99.19354838709677
MALANG,Malang,2026-08,744,731,711,95.56451612903226
MAROS,Maros,2021-10,453,411,381,84.10596026490066
MAROS,Maros,2021-11,720,720,561,77.91666666666667
MAROS,Maros,2021-12,744,547,479,64.38172043010752
MAROS,Maros,2022-01,744,214,164,22.043010752688172
MAROS,Maros,2022-02,672,575,382,56.845238095238095
MAROS,Maros,2022-03,744,744,522,70.16129032258064
MAROS,Maros,2022-04,720,720,719,99.86111111111111
MAROS,Maros,2022-05,744,744,740,99.46236559139786
MAROS,Maros,2022-06,720,720,687,95.41666666666667
MAROS,Maros,2022-07,744,744,742,99.73118279569893
MAROS,Maros,2022-08,744,744,737,99.05913978494624
MAROS,Maros,2022-09,720,720,719,99.86111111111111
MAROS,Maros,2022-10,744,744,742,99.73118279569893
MAROS,Maros,2022-11,720,720,638,88.61111111111111
MAROS,Maros,2022-12,744,744,744,100.0
MAROS,Maros,2023-01,744,744,735,98.79032258064517
MAROS,Maros,2023-02,672,672,635,94.49404761904762
MAROS,Maros,2023-03,744,744,742,99.73118279569893
MAROS,Maros,2023-04,720,720,673,93.47222222222223
MAROS,Maros,2023-05,744,744,740,99.46236559139786
MAROS,Maros,2023-06,720,720,720,100.0
MAROS,Maros,2023-07,744,744,737,99.05913978494624
MAROS,Maros,2023-08,744,744,744,100.0
MAROS,Maros,2023-09,720,720,664,92.22222222222223
MAROS,Maros,2023-10,744,744,702,94.35483870967742
MAROS,Maros,2023-11,720,720,719,99.86111111111111
MAROS,Maros,2023-12,744,711,695,93.41397849462365
MAROS,Maros,2024-01,744,744,744,100.0
MAROS,Maros,2024-02,696,696,682,97.98850574712644
MAROS,Maros,2024-03,744,744,744,100.0
MAROS,Maros,2024-04,720,720,720,100.0
MAROS,Maros,2024-05,744,744,595,79.97311827956989
MAROS,Maros,2024-06,720,720,720,100.0
MAROS,Maros,2024-07,744,720,705,94.75806451612904
MAROS,Maros,2024-08,744,744,744,100.0
MAROS,Maros,2024-09,720,720,720,100.0
MAROS,Maros,2024-10,744,744,633,85.08064516129032
MAROS,Maros,2024-11,720,720,711,98.75
MAROS,Maros,2024-12,744,744,733,98.52150537634408
MAROS,Maros,2025-01,744,744,729,97.98387096774194
MAROS,Maros,2025-02,672,672,672,100.0
MAROS,Maros,2025-03,744,744,743,99.86559139784946
MAROS,Maros,2025-04,720,718,718,99.72222222222223
MAROS,Maros,2025-05,744,718,698,93.81720430107526
MAROS,Maros,2025-06,720,719,719,99.86111111111111
MAROS,Maros,2025-07,744,742,742,99.73118279569893
MAROS,Maros,2025-08,744,290,277,37.23118279569893
MAROS,Maros,2025-09,720,122,122,16.944444444444443
MAROS,Maros,2025-10,744,744,641,86.15591397849462
MAROS,Maros,2025-11,720,720,674,93.61111111111111
MAROS,Maros,2025-12,744,744,730,98.11827956989248
MAROS,Maros,2026-01,744,744,738,99.19354838709677
MAROS,Maros,2026-02,672,672,672,100.0
MAROS,Maros,2026-03,744,744,721,96.90860215053763
MAROS,Maros,2026-04,720,720,720,100.0
MAROS,Maros,2026-05,744,744,744,100.0
MAROS,Maros,2026-06,720,661,637,88.47222222222223
MAROS,Maros,2026-07,744,744,744,100.0
MAROS,Maros,2026-08,744,739,733,98.52150537634408
MEDAN2,Medan,2021-09,703,684,636,90.46941678520626
MEDAN2,Medan,2021-10,744,744,742,99.73118279569893
MEDAN2,Medan,2021-11,720,720,716,99.44444444444444
MEDAN2,Medan,2021-12,744,744,744,100.0
MEDAN2,Medan,2022-01,744,744,743,99.86559139784946
MEDAN2,Medan,2022-02,672,634,633,94.19642857142857
MEDAN2,Medan,2022-03,744,744,744,100.0
MEDAN2,Medan,2022-04,720,720,719,99.86111111111111
MEDAN2,Medan,2022-05,744,744,744,100.0
MEDAN2,Medan,2022-06,720,720,719,99.86111111111111
MEDAN2,Medan,2022-07,744,744,744,100.0
MEDAN2,Medan,2022-08,744,744,742,99.73118279569893
MEDAN2,Medan,2022-09,720,720,719,99.86111111111111
MEDAN2,Medan,2022-10,744,741,735,98.79032258064517
MEDAN2,Medan,2022-11,720,720,718,99.72222222222223
MEDAN2,Medan,2022-12,744,744,742,99.73118279569893
MEDAN2,Medan,2023-01,744,744,742,99.73118279569893
MEDAN2,Medan,2023-02,672,672,672,100.0
MEDAN2,Medan,2023-03,744,744,744,100.0
MEDAN2,Medan,2023-04,720,705,700,97.22222222222223
MEDAN2,Medan,2023-05,744,744,739,99.32795698924731
MEDAN2,Medan,2023-06,720,720,720,100.0
MEDAN2,Medan,2023-07,744,744,732,98.38709677419355
MEDAN2,Medan,2023-08,744,742,723,97.1774193548387
MEDAN2,Medan,2023-09,720,720,716,99.44444444444444
MEDAN2,Medan,2023-10,744,744,744,100.0
MEDAN2,Medan,2023-11,720,720,719,99.86111111111111
MEDAN2,Medan,2023-12,744,744,743,99.86559139784946
MEDAN2,Medan,2024-01,744,744,743,99.86559139784946
MEDAN2,Medan,2024-02,696,690,688,98.85057471264368
MEDAN2,Medan,2024-03,744,714,708,95.16129032258064
MEDAN2,Medan,2024-04,720,713,693,96.25
MEDAN2,Medan,2024-05,744,197,197,26.478494623655912
MEDAN2,Medan,2024-06,720,674,671,93.19444444444444
MEDAN2,Medan,2024-07,744,744,744,100.0
MEDAN2,Medan,2024-08,744,733,731,98.25268817204301
MEDAN2,Medan,2024-09,720,720,703,97.63888888888889
MEDAN2,Medan,2024-10,744,741,737,99.05913978494624
MEDAN2,Medan,2024-11,720,697,686,95.27777777777777
MEDAN2,Medan,2024-12,744,734,731,98.25268817204301
MEDAN2,Medan,2025-01,744,730,725,97.44623655913979
MEDAN2,Medan,2025-02,672,671,664,98.80952380952381
MEDAN2,Medan,2025-03,744,744,744,100.0
MEDAN2,Medan,2025-04,720,719,713,99.02777777777777
MEDAN2,Medan,2025-05,744,743,740,99.46236559139786
MEDAN2,Medan,2025-06,720,720,718,99.72222222222223
MEDAN2,Medan,2025-07,744,744,741,99.59677419354838
MEDAN2,Medan,2025-08,744,736,735,98.79032258064517
MEDAN2,Medan,2025-09,720,687,683,94.86111111111111
MEDAN2,Medan,2025-10,744,714,683,91.8010752688172
MEDAN2,Medan,2025-11,720,720,706,98.05555555555556
MEDAN2,Medan,2025-12,744,744,729,97.98387096774194
MEDAN2,Medan,2026-01,744,744,744,100.0
MEDAN2,Medan,2026-02,672,635,633,94.19642857142857
MEDAN2,Medan,2026-03,744,744,734,98.65591397849462
MEDAN2,Medan,2026-04,720,720,720,100.0
MEDAN2,Medan,2026-05,744,713,694,93.27956989247312
MEDAN2,Medan,2026-06,720,691,676,93.88888888888889
MEDAN2,Medan,2026-07,744,743,743,99.86559139784946
MEDAN2,Medan,2026-08,744,744,743,99.86559139784946
PONTIANAK2,Mempawah,2021-09,527,527,486,92.22011385199241
PONTIANAK2,Mempawah,2021-10,744,744,725,97.44623655913979
PONTIANAK2,Mempawah,2021-11,720,720,623,86.52777777777777
PONTIANAK2,Mempawah,2021-12,744,744,713,95.83333333333333
PONTIANAK2,Mempawah,2022-01,744,706,683,91.8010752688172
PONTIANAK2,Mempawah,2022-02,672,571,530,78.86904761904762
PONTIANAK2,Mempawah,2022-03,744,744,737,99.05913978494624
PONTIANAK2,Mempawah,2022-04,720,720,689,95.69444444444444
PONTIANAK2,Mempawah,2022-05,744,744,695,93.41397849462365
PONTIANAK2,Mempawah,2022-06,720,712,700,97.22222222222223
PONTIANAK2,Mempawah,2022-07,744,744,727,97.71505376344086
PONTIANAK2,Mempawah,2022-08,744,744,711,95.56451612903226
PONTIANAK2,Mempawah,2022-09,720,720,715,99.30555555555556
PONTIANAK2,Mempawah,2022-10,744,744,734,98.65591397849462
PONTIANAK2,Mempawah,2022-11,720,719,712,98.88888888888889
PONTIANAK2,Mempawah,2022-12,744,744,697,93.68279569892474
PONTIANAK2,Mempawah,2023-01,744,742,736,98.9247311827957
PONTIANAK2,Mempawah,2023-02,672,672,665,98.95833333333333
PONTIANAK2,Mempawah,2023-03,744,744,742,99.73118279569893
PONTIANAK2,Mempawah,2023-04,720,719,718,99.72222222222223
PONTIANAK2,Mempawah,2023-05,744,744,743,99.86559139784946
PONTIANAK2,Mempawah,2023-06,720,720,720,100.0
PONTIANAK2,Mempawah,2023-07,744,744,743,99.86559139784946
PONTIANAK2,Mempawah,2023-08,744,744,743,99.86559139784946
PONTIANAK2,Mempawah,2023-09,720,720,718,99.72222222222223
PONTIANAK2,Mempawah,2023-10,744,744,743,99.86559139784946
PONTIANAK2,Mempawah,2023-11,720,720,719,99.86111111111111
PONTIANAK2,Mempawah,2023-12,744,705,700,94.08602150537635
PONTIANAK2,Mempawah,2024-01,744,744,736,98.9247311827957
PONTIANAK2,Mempawah,2024-02,696,696,692,99.42528735632185
PONTIANAK2,Mempawah,2024-03,744,742,740,99.46236559139786
PONTIANAK2,Mempawah,2024-04,720,719,717,99.58333333333333
PONTIANAK2,Mempawah,2024-05,744,744,707,95.02688172043011
PONTIANAK2,Mempawah,2024-06,720,678,673,93.47222222222223
PONTIANAK2,Mempawah,2024-07,744,728,727,97.71505376344086
PONTIANAK2,Mempawah,2024-08,744,744,739,99.32795698924731
PONTIANAK2,Mempawah,2024-09,720,685,645,89.58333333333333
PONTIANAK2,Mempawah,2024-10,744,744,705,94.75806451612904
PONTIANAK2,Mempawah,2024-11,720,704,704,97.77777777777777
PONTIANAK2,Mempawah,2024-12,744,741,710,95.43010752688173
PONTIANAK2,Mempawah,2025-01,744,744,738,99.19354838709677
PONTIANAK2,Mempawah,2025-02,672,672,671,99.85119047619048
PONTIANAK2,Mempawah,2025-03,744,738,711,95.56451612903226
PONTIANAK2,Mempawah,2025-04,720,720,719,99.86111111111111
PONTIANAK2,Mempawah,2025-05,744,744,715,96.10215053763442
PONTIANAK2,Mempawah,2025-06,720,707,705,97.91666666666667
PONTIANAK2,Mempawah,2025-07,744,744,744,100.0
PONTIANAK2,Mempawah,2025-08,744,744,743,99.86559139784946
PONTIANAK2,Mempawah,2025-09,720,720,719,99.86111111111111
PONTIANAK2,Mempawah,2025-10,744,734,699,93.95161290322581
PONTIANAK2,Mempawah,2025-11,720,720,719,99.86111111111111
PONTIANAK2,Mempawah,2025-12,744,696,688,92.47311827956989
PONTIANAK2,Mempawah,2026-01,744,744,721,96.90860215053763
PONTIANAK2,Mempawah,2026-02,672,641,622,92.55952380952381
PONTIANAK2,Mempawah,2026-03,744,735,722,97.04301075268818
PONTIANAK2,Mempawah,2026-04,720,705,651,90.41666666666667
PONTIANAK2,Mempawah,2026-05,744,705,659,88.5752688172043
PONTIANAK2,Mempawah,2026-06,720,662,645,89.58333333333333
PONTIANAK2,Mempawah,2026-07,744,666,660,88.70967741935483
PONTIANAK2,Mempawah,2026-08,744,727,714,95.96774193548387
JAMBI4,Muaro Jambi,2021-08,321,321,318,99.06542056074767
JAMBI4,Muaro Jambi,2021-09,720,720,718,99.72222222222223
JAMBI4,Muaro Jambi,2021-10,744,721,704,94.6236559139785
JAMBI4,Muaro Jambi,2021-11,720,420,396,55.0
JAMBI4,Muaro Jambi,2021-12,744,424,395,53.09139784946237
JAMBI4,Muaro Jambi,2022-01,744,744,732,98.38709677419355
JAMBI4,Muaro Jambi,2022-02,672,520,513,76.33928571428571
JAMBI4,Muaro Jambi,2022-03,744,744,732,98.38709677419355
JAMBI4,Muaro Jambi,2022-04,720,663,649,90.13888888888889
JAMBI4,Muaro Jambi,2022-05,744,731,715,96.10215053763442
JAMBI4,Muaro Jambi,2022-06,720,720,715,99.30555555555556
JAMBI4,Muaro Jambi,2022-07,744,744,741,99.59677419354838
JAMBI4,Muaro Jambi,2022-08,744,744,699,93.95161290322581
JAMBI4,Muaro Jambi,2022-09,720,720,695,96.52777777777777
JAMBI4,Muaro Jambi,2022-10,744,744,743,99.86559139784946
JAMBI4,Muaro Jambi,2022-11,720,720,686,95.27777777777777
JAMBI4,Muaro Jambi,2022-12,744,744,743,99.86559139784946
JAMBI4,Muaro Jambi,2023-01,744,744,743,99.86559139784946
JAMBI4,Muaro Jambi,2023-02,672,672,672,100.0
JAMBI4,Muaro Jambi,2023-03,744,744,720,96.7741935483871
JAMBI4,Muaro Jambi,2023-04,720,720,718,99.72222222222223
JAMBI4,Muaro Jambi,2023-05,744,744,743,99.86559139784946
JAMBI4,Muaro Jambi,2023-06,720,720,712,98.88888888888889
JAMBI4,Muaro Jambi,2023-07,744,744,744,100.0
JAMBI4,Muaro Jambi,2023-08,744,744,729,97.98387096774194
JAMBI4,Muaro Jambi,2023-09,720,720,718,99.72222222222223
JAMBI4,Muaro Jambi,2023-10,744,744,744,100.0
JAMBI4,Muaro Jambi,2023-11,720,720,660,91.66666666666667
JAMBI4,Muaro Jambi,2023-12,744,740,723,97.1774193548387
JAMBI4,Muaro Jambi,2024-01,744,744,736,98.9247311827957
JAMBI4,Muaro Jambi,2024-02,696,696,695,99.85632183908046
JAMBI4,Muaro Jambi,2024-03,744,744,744,100.0
JAMBI4,Muaro Jambi,2024-04,720,720,719,99.86111111111111
JAMBI4,Muaro Jambi,2024-05,744,744,744,100.0
JAMBI4,Muaro Jambi,2024-06,720,715,701,97.36111111111111
JAMBI4,Muaro Jambi,2024-07,744,744,743,99.86559139784946
JAMBI4,Muaro Jambi,2024-08,744,744,743,99.86559139784946
JAMBI4,Muaro Jambi,2024-09,720,711,711,98.75
JAMBI4,Muaro Jambi,2024-10,744,744,743,99.86559139784946
JAMBI4,Muaro Jambi,2024-11,720,265,265,36.80555555555556
JAMBI4,Muaro Jambi,2024-12,744,690,626,84.13978494623656
JAMBI4,Muaro Jambi,2025-01,744,707,703,94.48924731182795
JAMBI4,Muaro Jambi,2025-02,672,671,670,99.70238095238095
JAMBI4,Muaro Jambi,2025-03,744,696,667,89.65053763440861
JAMBI4,Muaro Jambi,2025-04,720,712,712,98.88888888888889
JAMBI4,Muaro Jambi,2025-05,744,636,634,85.21505376344086
JAMBI4,Muaro Jambi,2025-06,720,681,618,85.83333333333333
JAMBI4,Muaro Jambi,2025-07,744,734,734,98.65591397849462
JAMBI4,Muaro Jambi,2025-08,744,717,698,93.81720430107526
JAMBI4,Muaro Jambi,2025-09,720,715,690,95.83333333333333
JAMBI4,Muaro Jambi,2025-10,744,744,733,98.52150537634408
JAMBI4,Muaro Jambi,2025-11,720,677,667,92.63888888888889
JAMBI4,Muaro Jambi,2025-12,744,744,727,97.71505376344086
JAMBI4,Muaro Jambi,2026-01,744,743,692,93.01075268817205
JAMBI4,Muaro Jambi,2026-02,672,672,672,100.0
JAMBI4,Muaro Jambi,2026-03,744,744,740,99.46236559139786
JAMBI4,Muaro Jambi,2026-04,720,704,687,95.41666666666667
JAMBI4,Muaro Jambi,2026-05,744,743,728,97.84946236559139
JAMBI4,Muaro Jambi,2026-06,720,719,690,95.83333333333333
JAMBI4,Muaro Jambi,2026-07,744,742,719,96.63978494623656
JAMBI4,Muaro Jambi,2026-08,744,741,736,98.9247311827957
PALEMBANG4,Musi 2 Palembang,2021-08,245,224,218,88.9795918367347
PALEMBANG4,Musi 2 Palembang,2021-09,720,720,720,100.0
PALEMBANG4,Musi 2 Palembang,2021-10,744,695,692,93.01075268817205
PALEMBANG4,Musi 2 Palembang,2021-11,720,584,529,73.47222222222223
PALEMBANG4,Musi 2 Palembang,2021-12,744,474,466,62.634408602150536
PALEMBANG4,Musi 2 Palembang,2022-01,744,744,730,98.11827956989248
PALEMBANG4,Musi 2 Palembang,2022-02,672,643,637,94.79166666666667
PALEMBANG4,Musi 2 Palembang,2022-03,744,744,739,99.32795698924731
PALEMBANG4,Musi 2 Palembang,2022-04,720,720,694,96.38888888888889
PALEMBANG4,Musi 2 Palembang,2022-05,744,744,734,98.65591397849462
PALEMBANG4,Musi 2 Palembang,2022-06,720,720,667,92.63888888888889
PALEMBANG4,Musi 2 Palembang,2022-07,744,744,741,99.59677419354838
PALEMBANG4,Musi 2 Palembang,2022-08,744,744,738,99.19354838709677
PALEMBANG4,Musi 2 Palembang,2022-09,720,720,720,100.0
PALEMBANG4,Musi 2 Palembang,2022-10,744,744,739,99.32795698924731
PALEMBANG4,Musi 2 Palembang,2022-11,720,720,685,95.13888888888889
PALEMBANG4,Musi 2 Palembang,2022-12,744,744,737,99.05913978494624
PALEMBANG4,Musi 2 Palembang,2023-01,744,744,737,99.05913978494624
PALEMBANG4,Musi 2 Palembang,2023-02,672,672,669,99.55357142857143
PALEMBANG4,Musi 2 Palembang,2023-03,744,744,734,98.65591397849462
PALEMBANG4,Musi 2 Palembang,2023-04,720,720,599,83.19444444444444
PALEMBANG4,Musi 2 Palembang,2023-05,744,744,743,99.86559139784946
PALEMBANG4,Musi 2 Palembang,2023-06,720,720,683,94.86111111111111
PALEMBANG4,Musi 2 Palembang,2023-07,744,533,488,65.59139784946237
PALEMBANG4,Musi 2 Palembang,2023-08,744,744,744,100.0
PALEMBANG4,Musi 2 Palembang,2023-09,720,720,702,97.5
PALEMBANG4,Musi 2 Palembang,2023-10,744,744,740,99.46236559139786
PALEMBANG4,Musi 2 Palembang,2023-11,720,720,717,99.58333333333333
PALEMBANG4,Musi 2 Palembang,2023-12,744,744,739,99.32795698924731
PALEMBANG4,Musi 2 Palembang,2024-01,744,744,742,99.73118279569893
PALEMBANG4,Musi 2 Palembang,2024-02,696,696,679,97.55747126436782
PALEMBANG4,Musi 2 Palembang,2024-03,744,744,744,100.0
PALEMBANG4,Musi 2 Palembang,2024-04,720,720,714,99.16666666666667
PALEMBANG4,Musi 2 Palembang,2024-05,744,744,743,99.86559139784946
PALEMBANG4,Musi 2 Palembang,2024-06,720,720,704,97.77777777777777
PALEMBANG4,Musi 2 Palembang,2024-07,744,743,738,99.19354838709677
PALEMBANG4,Musi 2 Palembang,2024-08,744,744,719,96.63978494623656
PALEMBANG4,Musi 2 Palembang,2024-09,720,720,717,99.58333333333333
PALEMBANG4,Musi 2 Palembang,2024-10,744,744,744,100.0
PALEMBANG4,Musi 2 Palembang,2024-11,720,720,705,97.91666666666667
PALEMBANG4,Musi 2 Palembang,2024-12,744,744,741,99.59677419354838
PALEMBANG4,Musi 2 Palembang,2025-01,744,744,726,97.58064516129032
PALEMBANG4,Musi 2 Palembang,2025-02,672,669,662,98.51190476190476
PALEMBANG4,Musi 2 Palembang,2025-03,744,740,735,98.79032258064517
PALEMBANG4,Musi 2 Palembang,2025-04,720,652,639,88.75
PALEMBANG4,Musi 2 Palembang,2025-05,744,744,744,100.0
PALEMBANG4,Musi 2 Palembang,2025-06,720,720,718,99.72222222222223
PALEMBANG4,Musi 2 Palembang,2025-07,744,744,735,98.79032258064517
PALEMBANG4,Musi 2 Palembang,2025-08,744,684,647,86.96236559139786
PALEMBANG4,Musi 2 Palembang,2025-09,720,405,384,53.333333333333336
PALEMBANG4,Musi 2 Palembang,2025-10,744,741,734,98.65591397849462
PALEMBANG4,Musi 2 Palembang,2025-11,720,720,710,98.61111111111111
PALEMBANG4,Musi 2 Palembang,2025-12,744,744,743,99.86559139784946
PALEMBANG4,Musi 2 Palembang,2026-01,744,731,729,97.98387096774194
PALEMBANG4,Musi 2 Palembang,2026-02,672,672,655,97.4702380952381
PALEMBANG4,Musi 2 Palembang,2026-03,744,744,743,99.86559139784946
PALEMBANG4,Musi 2 Palembang,2026-04,720,720,717,99.58333333333333
PALEMBANG4,Musi 2 Palembang,2026-05,744,744,740,99.46236559139786
PALEMBANG4,Musi 2 Palembang,2026-06,720,720,719,99.86111111111111
PALEMBANG4,Musi 2 Palembang,2026-07,744,741,734,98.65591397849462
PALEMBANG4,Musi 2 Palembang,2026-08,744,739,739,99.32795698924731
PALANGKARAYA2,Palangka Raya,2021-01,744,733,684,91.93548387096774
PALANGKARAYA2,Palangka Raya,2021-02,672,220,192,28.571428571428573
PALANGKARAYA2,Palangka Raya,2021-03,744,657,601,80.77956989247312
PALANGKARAYA2,Palangka Raya,2021-04,720,383,357,49.583333333333336
PALANGKARAYA2,Palangka Raya,2021-05,744,649,588,79.03225806451613
PALANGKARAYA2,Palangka Raya,2021-06,720,672,603,83.75
PALANGKARAYA2,Palangka Raya,2021-07,744,732,682,91.66666666666667
PALANGKARAYA2,Palangka Raya,2021-08,744,605,542,72.84946236559139
PALANGKARAYA2,Palangka Raya,2021-09,720,351,269,37.361111111111114
PALANGKARAYA2,Palangka Raya,2021-10,744,382,370,49.73118279569893
PALANGKARAYA2,Palangka Raya,2021-11,720,183,172,23.88888888888889
PALANGKARAYA2,Palangka Raya,2021-12,744,485,451,60.61827956989247
PALANGKARAYA2,Palangka Raya,2022-01,744,687,642,86.29032258064517
PALANGKARAYA2,Palangka Raya,2022-02,672,401,373,55.50595238095238
PALANGKARAYA2,Palangka Raya,2022-03,744,533,505,67.8763440860215
PALANGKARAYA2,Palangka Raya,2022-04,720,560,547,75.97222222222223
PALANGKARAYA2,Palangka Raya,2022-05,744,651,611,82.1236559139785
PALANGKARAYA2,Palangka Raya,2022-06,720,496,344,47.77777777777778
PALANGKARAYA2,Palangka Raya,2022-07,744,739,673,90.45698924731182
PALANGKARAYA2,Palangka Raya,2022-08,744,575,530,71.23655913978494
PALANGKARAYA2,Palangka Raya,2022-09,720,705,548,76.11111111111111
PALANGKARAYA2,Palangka Raya,2022-10,744,676,536,72.04301075268818
PALANGKARAYA2,Palangka Raya,2022-11,720,679,515,71.52777777777777
PALANGKARAYA2,Palangka Raya,2022-12,744,620,569,76.47849462365592
PALANGKARAYA2,Palangka Raya,2023-01,744,681,593,79.70430107526882
PALANGKARAYA2,Palangka Raya,2023-02,672,597,491,73.06547619047619
PALANGKARAYA2,Palangka Raya,2023-03,744,681,552,74.19354838709677
PALANGKARAYA2,Palangka Raya,2023-04,720,656,604,83.88888888888889
PALANGKARAYA2,Palangka Raya,2023-05,744,657,623,83.73655913978494
PALANGKARAYA2,Palangka Raya,2023-06,720,693,682,94.72222222222223
PALANGKARAYA2,Palangka Raya,2023-07,744,744,741,99.59677419354838
PALANGKARAYA2,Palangka Raya,2023-08,744,740,739,99.32795698924731
PALANGKARAYA2,Palangka Raya,2023-09,720,720,718,99.72222222222223
PALANGKARAYA2,Palangka Raya,2023-10,744,744,744,100.0
PALANGKARAYA2,Palangka Raya,2023-11,720,720,720,100.0
PALANGKARAYA2,Palangka Raya,2023-12,744,744,722,97.04301075268818
PALANGKARAYA2,Palangka Raya,2024-01,744,744,742,99.73118279569893
PALANGKARAYA2,Palangka Raya,2024-02,696,696,695,99.85632183908046
PALANGKARAYA2,Palangka Raya,2024-03,744,744,743,99.86559139784946
PALANGKARAYA2,Palangka Raya,2024-04,720,720,718,99.72222222222223
PALANGKARAYA2,Palangka Raya,2024-05,744,737,708,95.16129032258064
PALANGKARAYA2,Palangka Raya,2024-06,720,720,720,100.0
PALANGKARAYA2,Palangka Raya,2024-07,744,744,714,95.96774193548387
PALANGKARAYA2,Palangka Raya,2024-08,744,744,735,98.79032258064517
PALANGKARAYA2,Palangka Raya,2024-09,720,720,706,98.05555555555556
PALANGKARAYA2,Palangka Raya,2024-10,744,744,739,99.32795698924731
PALANGKARAYA2,Palangka Raya,2024-11,720,720,682,94.72222222222223
PALANGKARAYA2,Palangka Raya,2024-12,744,744,736,98.9247311827957
PALANGKARAYA2,Palangka Raya,2025-01,744,744,743,99.86559139784946
PALANGKARAYA2,Palangka Raya,2025-02,672,672,670,99.70238095238095
PALANGKARAYA2,Palangka Raya,2025-03,744,744,719,96.63978494623656
PALANGKARAYA2,Palangka Raya,2025-04,720,720,634,88.05555555555556
PALANGKARAYA2,Palangka Raya,2025-05,744,744,661,88.84408602150538
PALANGKARAYA2,Palangka Raya,2025-06,720,720,697,96.80555555555556
PALANGKARAYA2,Palangka Raya,2025-07,744,744,740,99.46236559139786
PALANGKARAYA2,Palangka Raya,2025-08,744,744,737,99.05913978494624
PALANGKARAYA2,Palangka Raya,2025-09,720,720,708,98.33333333333333
PALANGKARAYA2,Palangka Raya,2025-10,744,741,700,94.08602150537635
PALANGKARAYA2,Palangka Raya,2025-11,720,720,587,81.52777777777777
PALANGKARAYA2,Palangka Raya,2025-12,744,743,602,80.91397849462365
PALANGKARAYA2,Palangka Raya,2026-01,744,740,706,94.89247311827957
PALANGKARAYA2,Palangka Raya,2026-02,672,662,649,96.57738095238095
PALANGKARAYA2,Palangka Raya,2026-03,744,744,665,89.38172043010752
PALANGKARAYA2,Palangka Raya,2026-04,720,719,562,78.05555555555556
PALANGKARAYA2,Palangka Raya,2026-05,744,741,612,82.25806451612904
PALANGKARAYA2,Palangka Raya,2026-06,720,716,667,92.63888888888889
PALANGKARAYA2,Palangka Raya,2026-07,744,744,742,99.73118279569893
PALANGKARAYA2,Palangka Raya,2026-08,744,742,735,98.79032258064517
PANGKALANBUN2,Pangkalan Bun,2021-09,153,151,131,85.62091503267973
PANGKALANBUN2,Pangkalan Bun,2021-10,744,627,551,74.05913978494624
PANGKALANBUN2,Pangkalan Bun,2021-11,720,566,484,67.22222222222223
PANGKALANBUN2,Pangkalan Bun,2021-12,744,585,424,56.98924731182796
PANGKALANBUN2,Pangkalan Bun,2022-01,744,725,608,81.72043010752688
PANGKALANBUN2,Pangkalan Bun,2022-02,672,637,578,86.01190476190476
PANGKALANBUN2,Pangkalan Bun,2022-03,744,530,372,50.0
PANGKALANBUN2,Pangkalan Bun,2022-04,720,696,660,91.66666666666667
PANGKALANBUN2,Pangkalan Bun,2022-05,744,652,580,77.95698924731182
PANGKALANBUN2,Pangkalan Bun,2022-06,720,599,426,59.166666666666664
PANGKALANBUN2,Pangkalan Bun,2022-07,744,736,614,82.52688172043011
PANGKALANBUN2,Pangkalan Bun,2022-08,744,738,689,92.60752688172043
PANGKALANBUN2,Pangkalan Bun,2022-09,720,720,679,94.30555555555556
PANGKALANBUN2,Pangkalan Bun,2022-10,744,744,719,96.63978494623656
PANGKALANBUN2,Pangkalan Bun,2022-11,720,708,671,93.19444444444444
PANGKALANBUN2,Pangkalan Bun,2022-12,744,744,721,96.90860215053763
PANGKALANBUN2,Pangkalan Bun,2023-01,744,744,714,95.96774193548387
PANGKALANBUN2,Pangkalan Bun,2023-02,672,672,651,96.875
PANGKALANBUN2,Pangkalan Bun,2023-03,744,744,722,97.04301075268818
PANGKALANBUN2,Pangkalan Bun,2023-04,720,720,653,90.69444444444444
PANGKALANBUN2,Pangkalan Bun,2023-05,744,732,723,97.1774193548387
PANGKALANBUN2,Pangkalan Bun,2023-06,720,717,705,97.91666666666667
PANGKALANBUN2,Pangkalan Bun,2023-07,744,744,727,97.71505376344086
PANGKALANBUN2,Pangkalan Bun,2023-08,744,734,722,97.04301075268818
PANGKALANBUN2,Pangkalan Bun,2023-09,720,711,699,97.08333333333333
PANGKALANBUN2,Pangkalan Bun,2023-10,744,724,704,94.6236559139785
PANGKALANBUN2,Pangkalan Bun,2023-11,720,720,719,99.86111111111111
PANGKALANBUN2,Pangkalan Bun,2023-12,744,744,711,95.56451612903226
PANGKALANBUN2,Pangkalan Bun,2024-01,744,744,729,97.98387096774194
PANGKALANBUN2,Pangkalan Bun,2024-02,696,696,667,95.83333333333333
PANGKALANBUN2,Pangkalan Bun,2024-03,744,744,738,99.19354838709677
PANGKALANBUN2,Pangkalan Bun,2024-04,720,703,695,96.52777777777777
PANGKALANBUN2,Pangkalan Bun,2024-05,744,741,716,96.23655913978494
PANGKALANBUN2,Pangkalan Bun,2024-06,720,717,710,98.61111111111111
PANGKALANBUN2,Pangkalan Bun,2024-07,744,744,695,93.41397849462365
PANGKALANBUN2,Pangkalan Bun,2024-08,744,744,725,97.44623655913979
PANGKALANBUN2,Pangkalan Bun,2024-09,720,612,562,78.05555555555556
PANGKALANBUN2,Pangkalan Bun,2024-10,744,739,707,95.02688172043011
PANGKALANBUN2,Pangkalan Bun,2024-11,720,654,562,78.05555555555556
PANGKALANBUN2,Pangkalan Bun,2024-12,744,736,647,86.96236559139786
PANGKALANBUN2,Pangkalan Bun,2025-01,744,742,715,96.10215053763442
PANGKALANBUN2,Pangkalan Bun,2025-02,672,672,666,99.10714285714286
PANGKALANBUN2,Pangkalan Bun,2025-03,744,743,725,97.44623655913979
PANGKALANBUN2,Pangkalan Bun,2025-04,720,720,717,99.58333333333333
PANGKALANBUN2,Pangkalan Bun,2025-05,744,734,700,94.08602150537635
PANGKALANBUN2,Pangkalan Bun,2025-06,720,715,705,97.91666666666667
PANGKALANBUN2,Pangkalan Bun,2025-07,744,744,737,99.05913978494624
PANGKALANBUN2,Pangkalan Bun,2025-08,744,744,717,96.37096774193549
PANGKALANBUN2,Pangkalan Bun,2025-09,720,710,697,96.80555555555556
PANGKALANBUN2,Pangkalan Bun,2025-10,744,744,681,91.53225806451613
PANGKALANBUN2,Pangkalan Bun,2025-11,720,649,624,86.66666666666667
PANGKALANBUN2,Pangkalan Bun,2025-12,744,744,717,96.37096774193549
PANGKALANBUN2,Pangkalan Bun,2026-01,744,744,711,95.56451612903226
PANGKALANBUN2,Pangkalan Bun,2026-02,672,671,655,97.4702380952381
PANGKALANBUN2,Pangkalan Bun,2026-03,744,744,711,95.56451612903226
PANGKALANBUN2,Pangkalan Bun,2026-04,720,720,665,92.36111111111111
PANGKALANBUN2,Pangkalan Bun,2026-05,744,740,711,95.56451612903226
PANGKALANBUN2,Pangkalan Bun,2026-06,720,709,660,91.66666666666667
PANGKALANBUN2,Pangkalan Bun,2026-07,744,733,709,95.29569892473118
PANGKALANBUN2,Pangkalan Bun,2026-08,744,744,720,96.7741935483871
PEKANBARU2,Pekanbaru,2021-01,730,703,675,92.46575342465754
PEKANBARU2,Pekanbaru,2021-02,672,643,637,94.79166666666667
PEKANBARU2,Pekanbaru,2021-03,744,729,726,97.58064516129032
PEKANBARU2,Pekanbaru,2021-04,720,713,700,97.22222222222223
PEKANBARU2,Pekanbaru,2021-05,744,694,687,92.33870967741936
PEKANBARU2,Pekanbaru,2021-06,720,720,712,98.88888888888889
PEKANBARU2,Pekanbaru,2021-07,744,738,735,98.79032258064517
PEKANBARU2,Pekanbaru,2021-08,744,744,744,100.0
PEKANBARU2,Pekanbaru,2021-09,720,716,707,98.19444444444444
PEKANBARU2,Pekanbaru,2021-10,744,732,729,97.98387096774194
PEKANBARU2,Pekanbaru,2021-11,720,715,698,96.94444444444444
PEKANBARU2,Pekanbaru,2021-12,744,727,727,97.71505376344086
PEKANBARU2,Pekanbaru,2022-01,744,0,0,0.0
PEKANBARU2,Pekanbaru,2022-02,672,443,441,65.625
PEKANBARU2,Pekanbaru,2022-03,744,736,727,97.71505376344086
PEKANBARU2,Pekanbaru,2022-04,720,718,704,97.77777777777777
PEKANBARU2,Pekanbaru,2022-05,744,729,716,96.23655913978494
PEKANBARU2,Pekanbaru,2022-06,720,708,692,96.11111111111111
PEKANBARU2,Pekanbaru,2022-07,744,576,570,76.61290322580645
PEKANBARU2,Pekanbaru,2022-08,744,217,213,28.629032258064516
PEKANBARU2,Pekanbaru,2022-09,720,717,710,98.61111111111111
PEKANBARU2,Pekanbaru,2022-10,744,744,736,98.9247311827957
PEKANBARU2,Pekanbaru,2022-11,720,720,694,96.38888888888889
PEKANBARU2,Pekanbaru,2022-12,744,744,737,99.05913978494624
PEKANBARU2,Pekanbaru,2023-01,744,744,741,99.59677419354838
PEKANBARU2,Pekanbaru,2023-02,672,672,669,99.55357142857143
PEKANBARU2,Pekanbaru,2023-03,744,744,742,99.73118279569893
PEKANBARU2,Pekanbaru,2023-04,720,720,702,97.5
PEKANBARU2,Pekanbaru,2023-05,744,744,739,99.32795698924731
PEKANBARU2,Pekanbaru,2023-06,720,720,707,98.19444444444444
PEKANBARU2,Pekanbaru,2023-07,744,744,732,98.38709677419355
PEKANBARU2,Pekanbaru,2023-08,744,740,730,98.11827956989248
PEKANBARU2,Pekanbaru,2023-09,720,720,716,99.44444444444444
PEKANBARU2,Pekanbaru,2023-10,744,744,743,99.86559139784946
PEKANBARU2,Pekanbaru,2023-11,720,720,708,98.33333333333333
PEKANBARU2,Pekanbaru,2023-12,744,744,719,96.63978494623656
PEKANBARU2,Pekanbaru,2024-01,744,744,744,100.0
PEKANBARU2,Pekanbaru,2024-02,696,696,685,98.41954022988506
PEKANBARU2,Pekanbaru,2024-03,744,744,742,99.73118279569893
PEKANBARU2,Pekanbaru,2024-04,720,720,716,99.44444444444444
PEKANBARU2,Pekanbaru,2024-05,744,744,737,99.05913978494624
PEKANBARU2,Pekanbaru,2024-06,720,720,720,100.0
PEKANBARU2,Pekanbaru,2024-07,744,740,711,95.56451612903226
PEKANBARU2,Pekanbaru,2024-08,744,696,692,93.01075268817205
PEKANBARU2,Pekanbaru,2024-09,720,720,720,100.0
PEKANBARU2,Pekanbaru,2024-10,744,742,735,98.79032258064517
PEKANBARU2,Pekanbaru,2024-11,720,710,705,97.91666666666667
PEKANBARU2,Pekanbaru,2024-12,744,492,492,66.12903225806451
PEKANBARU2,Pekanbaru,2025-01,744,537,535,71.90860215053763
PEKANBARU2,Pekanbaru,2025-02,672,654,654,97.32142857142857
PEKANBARU2,Pekanbaru,2025-03,744,744,720,96.7741935483871
PEKANBARU2,Pekanbaru,2025-04,720,720,712,98.88888888888889
PEKANBARU2,Pekanbaru,2025-05,744,734,725,97.44623655913979
PEKANBARU2,Pekanbaru,2025-06,720,709,706,98.05555555555556
PEKANBARU2,Pekanbaru,2025-07,744,700,700,94.08602150537635
PEKANBARU2,Pekanbaru,2025-08,744,742,732,98.38709677419355
PEKANBARU2,Pekanbaru,2025-09,720,668,668,92.77777777777777
PEKANBARU2,Pekanbaru,2025-10,744,744,729,97.98387096774194
PEKANBARU2,Pekanbaru,2025-11,720,720,713,99.02777777777777
PEKANBARU2,Pekanbaru,2025-12,744,744,737,99.05913978494624
PEKANBARU2,Pekanbaru,2026-01,744,744,732,98.38709677419355
PEKANBARU2,Pekanbaru,2026-02,672,670,657,97.76785714285714
PEKANBARU2,Pekanbaru,2026-03,744,744,730,98.11827956989248
PEKANBARU2,Pekanbaru,2026-04,720,720,692,96.11111111111111
PEKANBARU2,Pekanbaru,2026-05,744,743,718,96.50537634408602
PEKANBARU2,Pekanbaru,2026-06,720,720,688,95.55555555555556
PEKANBARU2,Pekanbaru,2026-07,744,744,732,98.38709677419355
PEKANBARU2,Pekanbaru,2026-08,744,744,730,98.11827956989248
PESAWARAN,Pesawaran,2021-08,642,617,590,91.90031152647975
PESAWARAN,Pesawaran,2021-09,720,720,720,100.0
PESAWARAN,Pesawaran,2021-10,744,639,634,85.21505376344086
PESAWARAN,Pesawaran,2021-11,720,601,598,83.05555555555556
PESAWARAN,Pesawaran,2021-12,744,744,743,99.86559139784946
PESAWARAN,Pesawaran,2022-01,744,744,741,99.59677419354838
PESAWARAN,Pesawaran,2022-02,672,596,596,88.69047619047619
PESAWARAN,Pesawaran,2022-03,744,744,681,91.53225806451613
PESAWARAN,Pesawaran,2022-04,720,720,709,98.47222222222223
PESAWARAN,Pesawaran,2022-05,744,671,667,89.65053763440861
PESAWARAN,Pesawaran,2022-06,720,719,689,95.69444444444444
PESAWARAN,Pesawaran,2022-07,744,744,740,99.46236559139786
PESAWARAN,Pesawaran,2022-08,744,744,743,99.86559139784946
PESAWARAN,Pesawaran,2022-09,720,720,717,99.58333333333333
PESAWARAN,Pesawaran,2022-10,744,743,742,99.73118279569893
PESAWARAN,Pesawaran,2022-11,720,720,714,99.16666666666667
PESAWARAN,Pesawaran,2022-12,744,744,742,99.73118279569893
PESAWARAN,Pesawaran,2023-01,744,744,743,99.86559139784946
PESAWARAN,Pesawaran,2023-02,672,672,672,100.0
PESAWARAN,Pesawaran,2023-03,744,744,743,99.86559139784946
PESAWARAN,Pesawaran,2023-04,720,712,677,94.02777777777777
PESAWARAN,Pesawaran,2023-05,744,722,720,96.7741935483871
PESAWARAN,Pesawaran,2023-06,720,720,720,100.0
PESAWARAN,Pesawaran,2023-07,744,743,735,98.79032258064517
PESAWARAN,Pesawaran,2023-08,744,729,720,96.7741935483871
PESAWARAN,Pesawaran,2023-09,720,720,700,97.22222222222223
PESAWARAN,Pesawaran,2023-10,744,744,744,100.0
PESAWARAN,Pesawaran,2023-11,720,718,716,99.44444444444444
PESAWARAN,Pesawaran,2023-12,744,744,721,96.90860215053763
PESAWARAN,Pesawaran,2024-01,744,728,727,97.71505376344086
PESAWARAN,Pesawaran,2024-02,696,662,650,93.39080459770115
PESAWARAN,Pesawaran,2024-03,744,729,728,97.84946236559139
PESAWARAN,Pesawaran,2024-04,720,720,717,99.58333333333333
PESAWARAN,Pesawaran,2024-05,744,744,703,94.48924731182795
PESAWARAN,Pesawaran,2024-06,720,704,700,97.22222222222223
PESAWARAN,Pesawaran,2024-07,744,744,699,93.95161290322581
PESAWARAN,Pesawaran,2024-08,744,732,731,98.25268817204301
PESAWARAN,Pesawaran,2024-09,720,720,705,97.91666666666667
PESAWARAN,Pesawaran,2024-10,744,744,733,98.52150537634408
PESAWARAN,Pesawaran,2024-11,720,718,717,99.58333333333333
PESAWARAN,Pesawaran,2024-12,744,736,712,95.6989247311828
PESAWARAN,Pesawaran,2025-01,744,744,738,99.19354838709677
PESAWARAN,Pesawaran,2025-02,672,669,665,98.95833333333333
PESAWARAN,Pesawaran,2025-03,744,742,734,98.65591397849462
PESAWARAN,Pesawaran,2025-04,720,720,719,99.86111111111111
PESAWARAN,Pesawaran,2025-05,744,744,719,96.63978494623656
PESAWARAN,Pesawaran,2025-06,720,689,684,95.0
PESAWARAN,Pesawaran,2025-07,744,734,730,98.11827956989248
PESAWARAN,Pesawaran,2025-08,744,744,701,94.22043010752688
PESAWARAN,Pesawaran,2025-09,720,705,703,97.63888888888889
PESAWARAN,Pesawaran,2025-10,744,744,683,91.8010752688172
PESAWARAN,Pesawaran,2025-11,720,623,613,85.13888888888889
PESAWARAN,Pesawaran,2025-12,744,733,730,98.11827956989248
PESAWARAN,Pesawaran,2026-01,744,740,689,92.60752688172043
PESAWARAN,Pesawaran,2026-02,672,647,644,95.83333333333333
PESAWARAN,Pesawaran,2026-03,744,744,640,86.02150537634408
PESAWARAN,Pesawaran,2026-04,720,719,591,82.08333333333333
PESAWARAN,Pesawaran,2026-05,744,741,738,99.19354838709677
PESAWARAN,Pesawaran,2026-06,720,720,631,87.63888888888889
PESAWARAN,Pesawaran,2026-07,744,618,616,82.79569892473118
PESAWARAN,Pesawaran,2026-08,744,733,732,98.38709677419355
SAMARINDA2,Samarinda,2021-01,744,732,564,75.80645161290323
SAMARINDA2,Samarinda,2021-02,672,663,598,88.98809523809524
SAMARINDA2,Samarinda,2021-03,744,626,549,73.79032258064517
SAMARINDA2,Samarinda,2021-04,720,720,700,97.22222222222223
SAMARINDA2,Samarinda,2021-05,744,726,589,79.16666666666667
SAMARINDA2,Samarinda,2021-06,720,720,630,87.5
SAMARINDA2,Samarinda,2021-07,744,744,706,94.89247311827957
SAMARINDA2,Samarinda,2021-08,744,731,668,89.78494623655914
SAMARINDA2,Samarinda,2021-09,720,608,534,74.16666666666667
SAMARINDA2,Samarinda,2021-10,744,624,579,77.8225806451613
SAMARINDA2,Samarinda,2021-11,720,720,603,83.75
SAMARINDA2,Samarinda,2021-12,744,639,600,80.64516129032258
SAMARINDA2,Samarinda,2022-01,744,744,701,94.22043010752688
SAMARINDA2,Samarinda,2022-02,672,672,585,87.05357142857143
SAMARINDA2,Samarinda,2022-03,744,649,556,74.73118279569893
SAMARINDA2,Samarinda,2022-04,720,676,634,88.05555555555556
SAMARINDA2,Samarinda,2022-05,744,699,517,69.48924731182795
SAMARINDA2,Samarinda,2022-06,720,710,661,91.80555555555556
SAMARINDA2,Samarinda,2022-07,744,693,647,86.96236559139786
SAMARINDA2,Samarinda,2022-08,744,743,714,95.96774193548387
SAMARINDA2,Samarinda,2022-09,720,699,665,92.36111111111111
SAMARINDA2,Samarinda,2022-10,744,744,667,89.65053763440861
SAMARINDA2,Samarinda,2022-11,720,720,716,99.44444444444444
SAMARINDA2,Samarinda,2022-12,744,698,685,92.06989247311827
SAMARINDA2,Samarinda,2023-01,744,744,631,84.81182795698925
SAMARINDA2,Samarinda,2023-02,672,657,636,94.64285714285714
SAMARINDA2,Samarinda,2023-03,744,744,719,96.63978494623656
SAMARINDA2,Samarinda,2023-04,720,701,675,93.75
SAMARINDA2,Samarinda,2023-05,744,724,699,93.95161290322581
SAMARINDA2,Samarinda,2023-06,720,684,655,90.97222222222223
SAMARINDA2,Samarinda,2023-07,744,744,739,99.32795698924731
SAMARINDA2,Samarinda,2023-08,744,638,590,79.3010752688172
SAMARINDA2,Samarinda,2023-09,720,666,661,91.80555555555556
SAMARINDA2,Samarinda,2023-10,744,725,724,97.31182795698925
SAMARINDA2,Samarinda,2023-11,720,698,647,89.86111111111111
SAMARINDA2,Samarinda,2023-12,744,729,726,97.58064516129032
SAMARINDA2,Samarinda,2024-01,744,744,734,98.65591397849462
SAMARINDA2,Samarinda,2024-02,696,678,672,96.55172413793103
SAMARINDA2,Samarinda,2024-03,744,744,744,100.0
SAMARINDA2,Samarinda,2024-04,720,720,714,99.16666666666667
SAMARINDA2,Samarinda,2024-05,744,744,740,99.46236559139786
SAMARINDA2,Samarinda,2024-06,720,718,705,97.91666666666667
SAMARINDA2,Samarinda,2024-07,744,744,683,91.8010752688172
SAMARINDA2,Samarinda,2024-08,744,744,724,97.31182795698925
SAMARINDA2,Samarinda,2024-09,720,720,685,95.13888888888889
SAMARINDA2,Samarinda,2024-10,744,744,714,95.96774193548387
SAMARINDA2,Samarinda,2024-11,720,720,656,91.11111111111111
SAMARINDA2,Samarinda,2024-12,744,744,651,87.5
SAMARINDA2,Samarinda,2025-01,744,744,702,94.35483870967742
SAMARINDA2,Samarinda,2025-02,672,672,659,98.06547619047619
SAMARINDA2,Samarinda,2025-03,744,744,742,99.73118279569893
SAMARINDA2,Samarinda,2025-04,720,720,705,97.91666666666667
SAMARINDA2,Samarinda,2025-05,744,744,711,95.56451612903226
SAMARINDA2,Samarinda,2025-06,720,720,720,100.0
SAMARINDA2,Samarinda,2025-07,744,741,727,97.71505376344086
SAMARINDA2,Samarinda,2025-08,744,743,726,97.58064516129032
SAMARINDA2,Samarinda,2025-09,720,718,697,96.80555555555556
SAMARINDA2,Samarinda,2025-10,744,744,734,98.65591397849462
SAMARINDA2,Samarinda,2025-11,720,705,674,93.61111111111111
SAMARINDA2,Samarinda,2025-12,744,744,673,90.45698924731182
SAMARINDA2,Samarinda,2026-01,744,744,708,95.16129032258064
SAMARINDA2,Samarinda,2026-02,672,672,655,97.4702380952381
SAMARINDA2,Samarinda,2026-03,744,744,676,90.86021505376344
SAMARINDA2,Samarinda,2026-04,720,720,697,96.80555555555556
SAMARINDA2,Samarinda,2026-05,744,735,638,85.75268817204301
SAMARINDA2,Samarinda,2026-06,720,718,677,94.02777777777777
SAMARINDA2,Samarinda,2026-07,744,741,734,98.65591397849462
SAMARINDA2,Samarinda,2026-08,744,744,725,97.44623655913979
SEMARANG,Semarang,2021-09,691,610,563,81.47612156295224
SEMARANG,Semarang,2021-10,744,744,744,100.0
SEMARANG,Semarang,2021-11,720,720,717,99.58333333333333
SEMARANG,Semarang,2021-12,744,744,744,100.0
SEMARANG,Semarang,2022-01,744,744,742,99.73118279569893
SEMARANG,Semarang,2022-02,672,672,672,100.0
SEMARANG,Semarang,2022-03,744,512,512,68.81720430107526
SEMARANG,Semarang,2022-04,720,562,556,77.22222222222223
SEMARANG,Semarang,2022-05,744,744,744,100.0
SEMARANG,Semarang,2022-06,720,720,718,99.72222222222223
SEMARANG,Semarang,2022-07,744,744,742,99.73118279569893
SEMARANG,Semarang,2022-08,744,744,744,100.0
SEMARANG,Semarang,2022-09,720,720,718,99.72222222222223
SEMARANG,Semarang,2022-10,744,744,744,100.0
SEMARANG,Semarang,2022-11,720,720,718,99.72222222222223
SEMARANG,Semarang,2022-12,744,744,742,99.73118279569893
SEMARANG,Semarang,2023-01,744,744,744,100.0
SEMARANG,Semarang,2023-02,672,672,671,99.85119047619048
SEMARANG,Semarang,2023-03,744,744,744,100.0
SEMARANG,Semarang,2023-04,720,720,719,99.86111111111111
SEMARANG,Semarang,2023-05,744,744,744,100.0
SEMARANG,Semarang,2023-06,720,720,720,100.0
SEMARANG,Semarang,2023-07,744,744,742,99.73118279569893
SEMARANG,Semarang,2023-08,744,744,737,99.05913978494624
SEMARANG,Semarang,2023-09,720,720,717,99.58333333333333
SEMARANG,Semarang,2023-10,744,744,743,99.86559139784946
SEMARANG,Semarang,2023-11,720,720,716,99.44444444444444
SEMARANG,Semarang,2023-12,744,744,744,100.0
SEMARANG,Semarang,2024-01,744,744,744,100.0
SEMARANG,Semarang,2024-02,696,205,205,29.45402298850575
SEMARANG,Semarang,2024-03,744,737,736,98.9247311827957
SEMARANG,Semarang,2024-04,720,719,717,99.58333333333333
SEMARANG,Semarang,2024-05,744,741,741,99.59677419354838
SEMARANG,Semarang,2024-06,720,713,713,99.02777777777777
SEMARANG,Semarang,2024-07,744,575,558,75.0
SEMARANG,Semarang,2024-08,744,741,741,99.59677419354838
SEMARANG,Semarang,2024-09,720,716,713,99.02777777777777
SEMARANG,Semarang,2024-10,744,744,736,98.9247311827957
SEMARANG,Semarang,2024-11,720,720,719,99.86111111111111
SEMARANG,Semarang,2024-12,744,743,739,99.32795698924731
SEMARANG,Semarang,2025-01,744,730,728,97.84946236559139
SEMARANG,Semarang,2025-02,672,664,657,97.76785714285714
SEMARANG,Semarang,2025-03,744,684,680,91.39784946236558
SEMARANG,Semarang,2025-04,720,695,663,92.08333333333333
SEMARANG,Semarang,2025-05,744,733,731,98.25268817204301
SEMARANG,Semarang,2025-06,720,720,719,99.86111111111111
SEMARANG,Semarang,2025-07,744,696,696,93.54838709677419
SEMARANG,Semarang,2025-08,744,701,698,93.81720430107526
SEMARANG,Semarang,2025-09,720,683,681,94.58333333333333
SEMARANG,Semarang,2025-10,744,712,712,95.6989247311828
SEMARANG,Semarang,2025-11,720,673,668,92.77777777777777
SEMARANG,Semarang,2025-12,744,683,683,91.8010752688172
SEMARANG,Semarang,2026-01,744,729,723,97.1774193548387
SEMARANG,Semarang,2026-02,672,659,657,97.76785714285714
SEMARANG,Semarang,2026-03,744,731,731,98.25268817204301
SEMARANG,Semarang,2026-04,720,715,688,95.55555555555556
SEMARANG,Semarang,2026-05,744,727,726,97.58064516129032
SEMARANG,Semarang,2026-06,720,717,715,99.30555555555556
SEMARANG,Semarang,2026-07,744,744,744,100.0
SEMARANG,Semarang,2026-08,744,744,744,100.0
SINTANG,Sintang,2021-09,279,279,217,77.77777777777777
SINTANG,Sintang,2021-10,744,618,564,75.80645161290323
SINTANG,Sintang,2021-11,720,720,674,93.61111111111111
SINTANG,Sintang,2021-12,744,744,647,86.96236559139786
SINTANG,Sintang,2022-01,744,744,719,96.63978494623656
SINTANG,Sintang,2022-02,672,672,598,88.98809523809524
SINTANG,Sintang,2022-03,744,744,721,96.90860215053763
SINTANG,Sintang,2022-04,720,720,714,99.16666666666667
SINTANG,Sintang,2022-05,744,744,708,95.16129032258064
SINTANG,Sintang,2022-06,720,720,688,95.55555555555556
SINTANG,Sintang,2022-07,744,744,724,97.31182795698925
SINTANG,Sintang,2022-08,744,744,624,83.87096774193549
SINTANG,Sintang,2022-09,720,720,714,99.16666666666667
SINTANG,Sintang,2022-10,744,744,732,98.38709677419355
SINTANG,Sintang,2022-11,720,720,711,98.75
SINTANG,Sintang,2022-12,744,744,713,95.83333333333333
SINTANG,Sintang,2023-01,744,744,740,99.46236559139786
SINTANG,Sintang,2023-02,672,672,667,99.25595238095238
SINTANG,Sintang,2023-03,744,744,723,97.1774193548387
SINTANG,Sintang,2023-04,720,720,710,98.61111111111111
SINTANG,Sintang,2023-05,744,744,739,99.32795698924731
SINTANG,Sintang,2023-06,720,720,718,99.72222222222223
SINTANG,Sintang,2023-07,744,744,742,99.73118279569893
SINTANG,Sintang,2023-08,744,744,739,99.32795698924731
SINTANG,Sintang,2023-09,720,720,720,100.0
SINTANG,Sintang,2023-10,744,744,734,98.65591397849462
SINTANG,Sintang,2023-11,720,720,712,98.88888888888889
SINTANG,Sintang,2023-12,744,744,715,96.10215053763442
SINTANG,Sintang,2024-01,744,744,732,98.38709677419355
SINTANG,Sintang,2024-02,696,696,695,99.85632183908046
SINTANG,Sintang,2024-03,744,739,716,96.23655913978494
SINTANG,Sintang,2024-04,720,720,720,100.0
SINTANG,Sintang,2024-05,744,744,744,100.0
SINTANG,Sintang,2024-06,720,720,551,76.52777777777777
SINTANG,Sintang,2024-07,744,707,646,86.82795698924731
SINTANG,Sintang,2024-08,744,741,660,88.70967741935483
SINTANG,Sintang,2024-09,720,650,622,86.38888888888889
SINTANG,Sintang,2024-10,744,738,658,88.44086021505376
SINTANG,Sintang,2024-11,720,669,590,81.94444444444444
SINTANG,Sintang,2024-12,744,744,696,93.54838709677419
SINTANG,Sintang,2025-01,744,744,542,72.84946236559139
SINTANG,Sintang,2025-02,672,653,489,72.76785714285714
SINTANG,Sintang,2025-03,744,744,523,70.29569892473118
SINTANG,Sintang,2025-04,720,710,512,71.11111111111111
SINTANG,Sintang,2025-05,744,743,639,85.88709677419355
SINTANG,Sintang,2025-06,720,703,563,78.19444444444444
SINTANG,Sintang,2025-07,744,728,725,97.44623655913979
SINTANG,Sintang,2025-08,744,741,740,99.46236559139786
SINTANG,Sintang,2025-09,720,711,697,96.80555555555556
SINTANG,Sintang,2025-10,744,716,714,95.96774193548387
SINTANG,Sintang,2025-11,720,695,694,96.38888888888889
SINTANG,Sintang,2025-12,744,722,449,60.3494623655914
SINTANG,Sintang,2026-01,744,738,674,90.59139784946237
SINTANG,Sintang,2026-02,672,657,592,88.0952380952381
SINTANG,Sintang,2026-03,744,742,690,92.74193548387096
SINTANG,Sintang,2026-04,720,716,615,85.41666666666667
SINTANG,Sintang,2026-05,744,741,480,64.51612903225806
SINTANG,Sintang,2026-06,720,714,609,84.58333333333333
SINTANG,Sintang,2026-07,744,732,664,89.24731182795699
SINTANG,Sintang,2026-08,744,744,708,95.16129032258064
MLATI,Sleman,2021-09,507,506,489,96.44970414201184
MLATI,Sleman,2021-10,744,744,743,99.86559139784946
MLATI,Sleman,2021-11,720,720,559,77.63888888888889
MLATI,Sleman,2021-12,744,744,744,100.0
MLATI,Sleman,2022-01,744,744,742,99.73118279569893
MLATI,Sleman,2022-02,672,615,608,90.47619047619048
MLATI,Sleman,2022-03,744,744,739,99.32795698924731
MLATI,Sleman,2022-04,720,720,720,100.0
MLATI,Sleman,2022-05,744,744,742,99.73118279569893
MLATI,Sleman,2022-06,720,720,718,99.72222222222223
MLATI,Sleman,2022-07,744,744,711,95.56451612903226
MLATI,Sleman,2022-08,744,744,744,100.0
MLATI,Sleman,2022-09,720,720,719,99.86111111111111
MLATI,Sleman,2022-10,744,744,736,98.9247311827957
MLATI,Sleman,2022-11,720,720,717,99.58333333333333
MLATI,Sleman,2022-12,744,744,646,86.82795698924731
MLATI,Sleman,2023-01,744,744,666,89.51612903225806
MLATI,Sleman,2023-02,672,672,651,96.875
MLATI,Sleman,2023-03,744,744,740,99.46236559139786
MLATI,Sleman,2023-04,720,720,720,100.0
MLATI,Sleman,2023-05,744,744,742,99.73118279569893
MLATI,Sleman,2023-06,720,720,720,100.0
MLATI,Sleman,2023-07,744,744,704,94.6236559139785
MLATI,Sleman,2023-08,744,744,741,99.59677419354838
MLATI,Sleman,2023-09,720,720,670,93.05555555555556
MLATI,Sleman,2023-10,744,744,744,100.0
MLATI,Sleman,2023-11,720,720,716,99.44444444444444
MLATI,Sleman,2023-12,744,743,730,98.11827956989248
MLATI,Sleman,2024-01,744,744,744,100.0
MLATI,Sleman,2024-02,696,696,694,99.71264367816092
MLATI,Sleman,2024-03,744,739,734,98.65591397849462
MLATI,Sleman,2024-04,720,716,715,99.30555555555556
MLATI,Sleman,2024-05,744,744,728,97.84946236559139
MLATI,Sleman,2024-06,720,720,720,100.0
MLATI,Sleman,2024-07,744,742,711,95.56451612903226
MLATI,Sleman,2024-08,744,744,744,100.0
MLATI,Sleman,2024-09,720,720,715,99.30555555555556
MLATI,Sleman,2024-10,744,742,741,99.59677419354838
MLATI,Sleman,2024-11,720,713,710,98.61111111111111
MLATI,Sleman,2024-12,744,744,731,98.25268817204301
MLATI,Sleman,2025-01,744,743,741,99.59677419354838
MLATI,Sleman,2025-02,672,657,623,92.70833333333333
MLATI,Sleman,2025-03,744,741,736,98.9247311827957
MLATI,Sleman,2025-04,720,716,702,97.5
MLATI,Sleman,2025-05,744,742,736,98.9247311827957
MLATI,Sleman,2025-06,720,717,716,99.44444444444444
MLATI,Sleman,2025-07,744,579,534,71.7741935483871
MLATI,Sleman,2025-08,744,741,738,99.19354838709677
MLATI,Sleman,2025-09,720,720,715,99.30555555555556
MLATI,Sleman,2025-10,744,741,734,98.65591397849462
MLATI,Sleman,2025-11,720,719,701,97.36111111111111
MLATI,Sleman,2025-12,744,743,740,99.46236559139786
MLATI,Sleman,2026-01,744,740,733,98.52150537634408
MLATI,Sleman,2026-02,672,671,660,98.21428571428571
MLATI,Sleman,2026-03,744,744,741,99.59677419354838
MLATI,Sleman,2026-04,720,720,709,98.47222222222223
MLATI,Sleman,2026-05,744,744,736,98.9247311827957
MLATI,Sleman,2026-06,720,720,720,100.0
MLATI,Sleman,2026-07,744,744,726,97.58064516129032
MLATI,Sleman,2026-08,744,743,743,99.86559139784946
SORONG,Sorong,2021-08,306,288,133,43.4640522875817
SORONG,Sorong,2021-09,720,720,636,88.33333333333333
SORONG,Sorong,2021-10,744,744,689,92.60752688172043
SORONG,Sorong,2021-11,720,694,641,89.02777777777777
SORONG,Sorong,2021-12,744,743,674,90.59139784946237
SORONG,Sorong,2022-01,744,736,666,89.51612903225806
SORONG,Sorong,2022-02,672,665,588,87.5
SORONG,Sorong,2022-03,744,744,695,93.41397849462365
SORONG,Sorong,2022-04,720,712,682,94.72222222222223
SORONG,Sorong,2022-05,744,702,660,88.70967741935483
SORONG,Sorong,2022-06,720,720,676,93.88888888888889
SORONG,Sorong,2022-07,744,744,699,93.95161290322581
SORONG,Sorong,2022-08,744,744,521,70.02688172043011
SORONG,Sorong,2022-09,720,680,652,90.55555555555556
SORONG,Sorong,2022-10,744,744,728,97.84946236559139
SORONG,Sorong,2022-11,720,720,710,98.61111111111111
SORONG,Sorong,2022-12,744,744,729,97.98387096774194
SORONG,Sorong,2023-01,744,744,729,97.98387096774194
SORONG,Sorong,2023-02,672,671,611,90.92261904761905
SORONG,Sorong,2023-03,744,744,724,97.31182795698925
SORONG,Sorong,2023-04,720,720,709,98.47222222222223
SORONG,Sorong,2023-05,744,744,728,97.84946236559139
SORONG,Sorong,2023-06,720,720,701,97.36111111111111
SORONG,Sorong,2023-07,744,744,736,98.9247311827957
SORONG,Sorong,2023-08,744,744,743,99.86559139784946
SORONG,Sorong,2023-09,720,720,717,99.58333333333333
SORONG,Sorong,2023-10,744,743,737,99.05913978494624
SORONG,Sorong,2023-11,720,720,713,99.02777777777777
SORONG,Sorong,2023-12,744,742,726,97.58064516129032
SORONG,Sorong,2024-01,744,732,693,93.14516129032258
SORONG,Sorong,2024-02,696,696,688,98.85057471264368
SORONG,Sorong,2024-03,744,733,728,97.84946236559139
SORONG,Sorong,2024-04,720,506,500,69.44444444444444
SORONG,Sorong,2024-05,744,339,339,45.564516129032256
SORONG,Sorong,2024-06,720,263,255,35.416666666666664
SORONG,Sorong,2024-07,744,720,712,95.6989247311828
SORONG,Sorong,2024-08,744,680,666,89.51612903225806
SORONG,Sorong,2024-09,720,613,605,84.02777777777777
SORONG,Sorong,2024-10,744,739,732,98.38709677419355
SORONG,Sorong,2024-11,720,352,349,48.47222222222222
SORONG,Sorong,2024-12,744,707,705,94.75806451612904
SORONG,Sorong,2025-01,744,696,692,93.01075268817205
SORONG,Sorong,2025-02,672,656,653,97.17261904761905
SORONG,Sorong,2025-03,744,744,569,76.47849462365592
SORONG,Sorong,2025-04,720,674,613,85.13888888888889
SORONG,Sorong,2025-05,744,686,573,77.01612903225806
SORONG,Sorong,2025-06,720,672,493,68.47222222222223
SORONG,Sorong,2025-07,744,744,624,83.87096774193549
SORONG,Sorong,2025-08,744,738,588,79.03225806451613
SORONG,Sorong,2025-09,720,720,643,89.30555555555556
SORONG,Sorong,2025-10,744,711,635,85.34946236559139
SORONG,Sorong,2025-11,720,720,683,94.86111111111111
SORONG,Sorong,2025-12,744,727,650,87.36559139784946
SORONG,Sorong,2026-01,744,731,686,92.20430107526882
SORONG,Sorong,2026-02,672,668,633,94.19642857142857
SORONG,Sorong,2026-03,744,732,713,95.83333333333333
SORONG,Sorong,2026-04,720,720,666,92.5
SORONG,Sorong,2026-05,744,732,662,88.97849462365592
SORONG,Sorong,2026-06,720,686,669,92.91666666666667
SORONG,Sorong,2026-07,744,714,714,95.96774193548387
SORONG,Sorong,2026-08,744,729,728,97.84946236559139
PALEMBANG3,Talang Betutu Palembang,2021-01,666,632,607,91.14114114114115
PALEMBANG3,Talang Betutu Palembang,2021-02,672,668,667,99.25595238095238
PALEMBANG3,Talang Betutu Palembang,2021-03,744,743,719,96.63978494623656
PALEMBANG3,Talang Betutu Palembang,2021-04,720,697,659,91.52777777777777
PALEMBANG3,Talang Betutu Palembang,2021-05,744,716,713,95.83333333333333
PALEMBANG3,Talang Betutu Palembang,2021-06,720,720,713,99.02777777777777
PALEMBANG3,Talang Betutu Palembang,2021-07,744,744,744,100.0
PALEMBANG3,Talang Betutu Palembang,2021-08,744,744,744,100.0
PALEMBANG3,Talang Betutu Palembang,2021-09,720,668,653,90.69444444444444
PALEMBANG3,Talang Betutu Palembang,2021-10,744,719,716,96.23655913978494
PALEMBANG3,Talang Betutu Palembang,2021-11,720,443,439,60.97222222222222
PALEMBANG3,Talang Betutu Palembang,2021-12,744,744,722,97.04301075268818
PALEMBANG3,Talang Betutu Palembang,2022-01,744,715,710,95.43010752688173
PALEMBANG3,Talang Betutu Palembang,2022-02,672,595,581,86.45833333333333
PALEMBANG3,Talang Betutu Palembang,2022-03,744,732,731,98.25268817204301
PALEMBANG3,Talang Betutu Palembang,2022-04,720,710,706,98.05555555555556
PALEMBANG3,Talang Betutu Palembang,2022-05,744,687,682,91.66666666666667
PALEMBANG3,Talang Betutu Palembang,2022-06,720,685,682,94.72222222222223
PALEMBANG3,Talang Betutu Palembang,2022-07,744,738,736,98.9247311827957
PALEMBANG3,Talang Betutu Palembang,2022-08,744,687,674,90.59139784946237
PALEMBANG3,Talang Betutu Palembang,2022-09,720,705,697,96.80555555555556
PALEMBANG3,Talang Betutu Palembang,2022-10,744,735,728,97.84946236559139
PALEMBANG3,Talang Betutu Palembang,2022-11,720,719,612,85.0
PALEMBANG3,Talang Betutu Palembang,2022-12,744,742,696,93.54838709677419
PALEMBANG3,Talang Betutu Palembang,2023-01,744,744,712,95.6989247311828
PALEMBANG3,Talang Betutu Palembang,2023-02,672,663,624,92.85714285714286
PALEMBANG3,Talang Betutu Palembang,2023-03,744,737,710,95.43010752688173
PALEMBANG3,Talang Betutu Palembang,2023-04,720,716,711,98.75
PALEMBANG3,Talang Betutu Palembang,2023-05,744,742,736,98.9247311827957
PALEMBANG3,Talang Betutu Palembang,2023-06,720,709,703,97.63888888888889
PALEMBANG3,Talang Betutu Palembang,2023-07,744,740,738,99.19354838709677
PALEMBANG3,Talang Betutu Palembang,2023-08,744,738,733,98.52150537634408
PALEMBANG3,Talang Betutu Palembang,2023-09,720,713,694,96.38888888888889
PALEMBANG3,Talang Betutu Palembang,2023-10,744,744,737,99.05913978494624
PALEMBANG3,Talang Betutu Palembang,2023-11,720,716,704,97.77777777777777
PALEMBANG3,Talang Betutu Palembang,2023-12,744,735,726,97.58064516129032
PALEMBANG3,Talang Betutu Palembang,2024-01,744,742,736,98.9247311827957
PALEMBANG3,Talang Betutu Palembang,2024-02,696,696,685,98.41954022988506
PALEMBANG3,Talang Betutu Palembang,2024-03,744,744,743,99.86559139784946
PALEMBANG3,Talang Betutu Palembang,2024-04,720,717,677,94.02777777777777
PALEMBANG3,Talang Betutu Palembang,2024-05,744,743,742,99.73118279569893
PALEMBANG3,Talang Betutu Palembang,2024-06,720,720,720,100.0
PALEMBANG3,Talang Betutu Palembang,2024-07,744,743,737,99.05913978494624
PALEMBANG3,Talang Betutu Palembang,2024-08,744,744,743,99.86559139784946
PALEMBANG3,Talang Betutu Palembang,2024-09,720,720,709,98.47222222222223
PALEMBANG3,Talang Betutu Palembang,2024-10,744,744,744,100.0
PALEMBANG3,Talang Betutu Palembang,2024-11,720,720,720,100.0
PALEMBANG3,Talang Betutu Palembang,2024-12,744,744,731,98.25268817204301
PALEMBANG3,Talang Betutu Palembang,2025-01,744,744,743,99.86559139784946
PALEMBANG3,Talang Betutu Palembang,2025-02,672,672,670,99.70238095238095
PALEMBANG3,Talang Betutu Palembang,2025-03,744,744,723,97.1774193548387
PALEMBANG3,Talang Betutu Palembang,2025-04,720,720,720,100.0
PALEMBANG3,Talang Betutu Palembang,2025-05,744,734,709,95.29569892473118
PALEMBANG3,Talang Betutu Palembang,2025-06,720,720,720,100.0
PALEMBANG3,Talang Betutu Palembang,2025-07,744,744,744,100.0
PALEMBANG3,Talang Betutu Palembang,2025-08,744,744,739,99.32795698924731
PALEMBANG3,Talang Betutu Palembang,2025-09,720,718,711,98.75
PALEMBANG3,Talang Betutu Palembang,2025-10,744,741,725,97.44623655913979
PALEMBANG3,Talang Betutu Palembang,2025-11,720,716,715,99.30555555555556
PALEMBANG3,Talang Betutu Palembang,2025-12,744,742,726,97.58064516129032
PALEMBANG3,Talang Betutu Palembang,2026-01,744,744,744,100.0
PALEMBANG3,Talang Betutu Palembang,2026-02,672,654,652,97.02380952380952
PALEMBANG3,Talang Betutu Palembang,2026-03,744,712,685,92.06989247311827
PALEMBANG3,Talang Betutu Palembang,2026-04,720,720,703,97.63888888888889
PALEMBANG3,Talang Betutu Palembang,2026-05,744,741,715,96.10215053763442
PALEMBANG3,Talang Betutu Palembang,2026-06,720,718,692,96.11111111111111
PALEMBANG3,Talang Betutu Palembang,2026-07,744,739,714,95.96774193548387
PALEMBANG3,Talang Betutu Palembang,2026-08,744,721,711,95.56451612903226
TANJUNGHARAPAN2,Tanjung Harapan,2021-01,744,740,680,91.39784946236558
TANJUNGHARAPAN2,Tanjung Harapan,2021-02,672,644,622,92.55952380952381
TANJUNGHARAPAN2,Tanjung Harapan,2021-03,744,683,617,82.93010752688173
TANJUNGHARAPAN2,Tanjung Harapan,2021-04,720,705,689,95.69444444444444
TANJUNGHARAPAN2,Tanjung Harapan,2021-05,744,733,586,78.76344086021506
TANJUNGHARAPAN2,Tanjung Harapan,2021-06,720,694,681,94.58333333333333
TANJUNGHARAPAN2,Tanjung Harapan,2021-07,744,738,733,98.52150537634408
TANJUNGHARAPAN2,Tanjung Harapan,2021-08,744,719,715,96.10215053763442
TANJUNGHARAPAN2,Tanjung Harapan,2021-09,720,701,659,91.52777777777777
TANJUNGHARAPAN2,Tanjung Harapan,2021-10,744,531,525,70.56451612903226
TANJUNGHARAPAN2,Tanjung Harapan,2021-11,720,720,717,99.58333333333333
TANJUNGHARAPAN2,Tanjung Harapan,2021-12,744,632,618,83.06451612903226
TANJUNGHARAPAN2,Tanjung Harapan,2022-01,744,699,691,92.8763440860215
TANJUNGHARAPAN2,Tanjung Harapan,2022-02,672,499,488,72.61904761904762
TANJUNGHARAPAN2,Tanjung Harapan,2022-03,744,673,507,68.14516129032258
TANJUNGHARAPAN2,Tanjung Harapan,2022-04,720,544,521,72.36111111111111
TANJUNGHARAPAN2,Tanjung Harapan,2022-05,744,664,647,86.96236559139786
TANJUNGHARAPAN2,Tanjung Harapan,2022-06,720,680,639,88.75
TANJUNGHARAPAN2,Tanjung Harapan,2022-07,744,743,734,98.65591397849462
TANJUNGHARAPAN2,Tanjung Harapan,2022-08,744,735,702,94.35483870967742
TANJUNGHARAPAN2,Tanjung Harapan,2022-09,720,695,679,94.30555555555556
TANJUNGHARAPAN2,Tanjung Harapan,2022-10,744,708,694,93.27956989247312
TANJUNGHARAPAN2,Tanjung Harapan,2022-11,720,688,662,91.94444444444444
TANJUNGHARAPAN2,Tanjung Harapan,2022-12,744,737,725,97.44623655913979
TANJUNGHARAPAN2,Tanjung Harapan,2023-01,744,727,722,97.04301075268818
TANJUNGHARAPAN2,Tanjung Harapan,2023-02,672,658,642,95.53571428571429
TANJUNGHARAPAN2,Tanjung Harapan,2023-03,744,722,716,96.23655913978494
TANJUNGHARAPAN2,Tanjung Harapan,2023-04,720,691,646,89.72222222222223
TANJUNGHARAPAN2,Tanjung Harapan,2023-05,744,738,722,97.04301075268818
TANJUNGHARAPAN2,Tanjung Harapan,2023-06,720,720,718,99.72222222222223
TANJUNGHARAPAN2,Tanjung Harapan,2023-07,744,726,710,95.43010752688173
TANJUNGHARAPAN2,Tanjung Harapan,2023-08,744,694,689,92.60752688172043
TANJUNGHARAPAN2,Tanjung Harapan,2023-09,720,714,710,98.61111111111111
TANJUNGHARAPAN2,Tanjung Harapan,2023-10,744,738,727,97.71505376344086
TANJUNGHARAPAN2,Tanjung Harapan,2023-11,720,694,678,94.16666666666667
TANJUNGHARAPAN2,Tanjung Harapan,2023-12,744,744,716,96.23655913978494
TANJUNGHARAPAN2,Tanjung Harapan,2024-01,744,739,736,98.9247311827957
TANJUNGHARAPAN2,Tanjung Harapan,2024-02,696,670,663,95.25862068965517
TANJUNGHARAPAN2,Tanjung Harapan,2024-03,744,744,743,99.86559139784946
TANJUNGHARAPAN2,Tanjung Harapan,2024-04,720,720,720,100.0
TANJUNGHARAPAN2,Tanjung Harapan,2024-05,744,744,737,99.05913978494624
TANJUNGHARAPAN2,Tanjung Harapan,2024-06,720,692,685,95.13888888888889
TANJUNGHARAPAN2,Tanjung Harapan,2024-07,744,717,710,95.43010752688173
TANJUNGHARAPAN2,Tanjung Harapan,2024-08,744,740,711,95.56451612903226
TANJUNGHARAPAN2,Tanjung Harapan,2024-09,720,720,719,99.86111111111111
TANJUNGHARAPAN2,Tanjung Harapan,2024-10,744,744,720,96.7741935483871
TANJUNGHARAPAN2,Tanjung Harapan,2024-11,720,641,635,88.19444444444444
TANJUNGHARAPAN2,Tanjung Harapan,2024-12,744,678,668,89.78494623655914
TANJUNGHARAPAN2,Tanjung Harapan,2025-01,744,744,729,97.98387096774194
TANJUNGHARAPAN2,Tanjung Harapan,2025-02,672,672,669,99.55357142857143
TANJUNGHARAPAN2,Tanjung Harapan,2025-03,744,223,222,29.838709677419356
TANJUNGHARAPAN2,Tanjung Harapan,2025-04,720,30,30,4.166666666666667
TANJUNGHARAPAN2,Tanjung Harapan,2025-05,744,738,659,88.5752688172043
TANJUNGHARAPAN2,Tanjung Harapan,2025-06,720,720,713,99.02777777777777
TANJUNGHARAPAN2,Tanjung Harapan,2025-07,744,553,542,72.84946236559139
TANJUNGHARAPAN2,Tanjung Harapan,2025-08,744,740,707,95.02688172043011
TANJUNGHARAPAN2,Tanjung Harapan,2025-09,720,628,529,73.47222222222223
TANJUNGHARAPAN2,Tanjung Harapan,2025-10,744,715,713,95.83333333333333
TANJUNGHARAPAN2,Tanjung Harapan,2025-11,720,720,703,97.63888888888889
TANJUNGHARAPAN2,Tanjung Harapan,2025-12,744,406,396,53.225806451612904
TANJUNGHARAPAN2,Tanjung Harapan,2026-01,744,722,720,96.7741935483871
TANJUNGHARAPAN2,Tanjung Harapan,2026-02,672,672,657,97.76785714285714
TANJUNGHARAPAN2,Tanjung Harapan,2026-03,744,364,360,48.38709677419355
TANJUNGHARAPAN2,Tanjung Harapan,2026-04,720,718,714,99.16666666666667
TANJUNGHARAPAN2,Tanjung Harapan,2026-05,744,528,516,69.35483870967742
TANJUNGHARAPAN2,Tanjung Harapan,2026-06,720,345,344,47.77777777777778
TANJUNGHARAPAN2,Tanjung Harapan,2026-07,744,744,706,94.89247311827957
TANJUNGHARAPAN2,Tanjung Harapan,2026-08,744,741,741,99.59677419354838
